"id","name","category","image","download_file","preview","show_by","download_count","view_count","download_count2"
"501","SYMMETRIC IS VIRAL NOW!!!","TIKTOK","https://github.com/Sparkies01/mlbb-intro/releases/download/v4.1.3-images/501_image.jpg","https://github.com/Sparkies01/mlbb-intro/releases/download/v4.1.3/501_SIMETRIS.VIRAL.SEKARANG.zip","https://github.com/Sparkies01/mlbb-intro/releases/download/v4.1.3-previews/501_preview.mp4","mode_public","9677","22432","5657"
"500","Background SAYLVIEE This style is great","TIKTOK","https://github.com/Sparkies01/mlbb-intro/releases/download/v4.1.3-images/500_image.png","https://github.com/Sparkies01/mlbb-intro/releases/download/v4.1.3/500_Background.SAYLVIEE.Style.mantep.nih.zip","","mode_public","4949","7814","2243"
"499","SAYLVIEE This style is great","TIKTOK","https://github.com/Sparkies01/mlbb-intro/releases/download/v4.1.3-images/499_image.jpg","https://github.com/Sparkies01/mlbb-intro/releases/download/v4.1.3/499_SAYLVIEE.Style.mantep.sih.ini.zip","https://github.com/Sparkies01/mlbb-intro/releases/download/v4.1.3-previews/499_preview.mp4","mode_public","11042","25959","6757"
"498","DJ Miss You I Miss You","TIKTOK","","https://github.com/Sparkies01/mlbb-intro/releases/download/v4.1.3/498_DJ.RIndu.Aku.Rindu.Kamu.zip","https://github.com/Sparkies01/mlbb-intro/releases/download/v4.1.3-previews/498_preview.mp3","mode_public","0","0","0"
"497","Itss_anggi's version of background is viral","TIKTOK","https://github.com/Sparkies01/mlbb-intro/releases/download/v4.1.3-images/497_image.jpg","https://github.com/Sparkies01/mlbb-intro/releases/download/v4.1.3/497_Background.Versi.Itss_anggi.viral.zip","","mode_public","19115","25176","10918"
"496","🔥VIRAL itss_anggi in Tweet Full Album","TIKTOK","https://github.com/Sparkies01/mlbb-intro/releases/download/v4.1.3-images/496_image.jpg","https://github.com/Sparkies01/mlbb-intro/releases/download/v4.1.3/496_VIRAL.itss_anggi.di.Tweet.Full.Album.zip","https://github.com/Sparkies01/mlbb-intro/releases/download/v4.1.3-previews/496_preview.mp4","mode_public","40699","61486","26045"
"495","🔥AYU PUSPA is a TikTok trend now","TIKTOK","https://github.com/Sparkies01/mlbb-intro/releases/download/v4.1.3-images/495_image.jpg","https://github.com/Sparkies01/mlbb-intro/releases/download/v4.1.3/495_AYU.PUSPA.TREND.TikTok.sekarang.nih.zip","","mode_public","6528","11283","3289"
"494","Trend🔥 AYU PUSPA THERE IS NO MEDICINE","TIKTOK","https://github.com/Sparkies01/mlbb-intro/releases/download/v4.1.3-images/494_image.jpg","https://github.com/Sparkies01/mlbb-intro/releases/download/v4.1.3/494_Trend.AYU.PUSPA.GA.ADA.OBAT.SIH.zip","https://github.com/Sparkies01/mlbb-intro/releases/download/v4.1.3-previews/494_preview.mp4","mode_public","14056","34979","7568"
"493","Backround Loli CUTE Viral Tiktok","ANIME","https://github.com/Sparkies01/mlbb-intro/releases/download/v4.1.3-images/493_image.png","https://github.com/Sparkies01/mlbb-intro/releases/download/v4.1.3/493_Backround.Loli.Imut.Viral.Tiktok.zip","","mode_public","10441","14078","5702"
"492","3 Loli CUTE Viral Tiktok Animation","ANIME","https://github.com/Sparkies01/mlbb-intro/releases/download/v4.1.3-images/493_image.png","https://github.com/Sparkies01/mlbb-intro/releases/download/v4.1.3/492_3.Loli.IMut.Viral.Tiktok.Animation.zip","https://github.com/Sparkies01/mlbb-intro/releases/download/v4.1.3-previews/492_preview.mp4","mode_public","20354","30979","12633"
"491","Hey, really suitable for the ML X WARINNASIRI background","TIKTOK","https://github.com/Sparkies01/mlbb-intro/releases/download/v4.1.3-images/491_image.jpg","https://github.com/Sparkies01/mlbb-intro/releases/download/v4.1.3/491_Uyy.Cocok.bngt.buat.Background.ML.X.WARINNASIRI.zip","","mode_public","11611","20475","6254"
"490","🔥WARINNASIRI Very cool","TIKTOK","https://github.com/Sparkies01/mlbb-intro/releases/download/v4.1.3-images/490_image.jpg","https://github.com/Sparkies01/mlbb-intro/releases/download/v4.1.3/490_WARINNASIRI.Gemoy.bngt.zip","https://github.com/Sparkies01/mlbb-intro/releases/download/v4.1.3-previews/490_preview.mp4","mode_public","24900","56625","14487"
"489","🔥SISSALSA BU TEACHER Viral","TIKTOK","https://github.com/Sparkies01/mlbb-intro/releases/download/v4.1.3-images/489_image.jpg","https://github.com/Sparkies01/mlbb-intro/releases/download/v4.1.3/489_SISSALSA.BU.GURU.Viral.zip","","mode_public","4365","11502","2199"
"488","🔥TEACHER SISSALSA Viral ENOUGH YOU KNOW AJ","TIKTOK","https://github.com/Sparkies01/mlbb-intro/releases/download/v4.1.3-images/488_image.jpg","https://github.com/Sparkies01/mlbb-intro/releases/download/v4.1.3/488_BU.GURU.SISSALSA.Viral.CUKUP.TAU.AJ.zip","https://github.com/Sparkies01/mlbb-intro/releases/download/v4.1.3-previews/488_preview.mp4","mode_public","13874","39279","7924"
"487","🔥Awesome Background","TIKTOK","https://github.com/Sparkies01/mlbb-intro/releases/download/v4.1.3-images/487_image.jpg","https://github.com/Sparkies01/mlbb-intro/releases/download/v4.1.3/487_Niyaaay.Background.zip","","mode_public","7888","16787","4681"
"486","🔥Niyaaay geol geol","TIKTOK","https://github.com/Sparkies01/mlbb-intro/releases/download/v4.1.3-images/486_image.jpg","https://github.com/Sparkies01/mlbb-intro/releases/download/v4.1.3/486_Niyaaay.geol.geol.zip","https://github.com/Sparkies01/mlbb-intro/releases/download/v4.1.3-previews/486_preview.mp4","mode_public","24754","56194","15343"
"485","🔥SYAXILAA now","TIKTOK","https://github.com/Sparkies01/mlbb-intro/releases/download/v4.1.3-images/485_image.jpg","https://github.com/Sparkies01/mlbb-intro/releases/download/v4.1.3/485_SYAXILAA.sekarang.zip","","mode_public","12540","21602","7246"
"484","🔥SYAXILAA yahuut bro","TIKTOK","https://github.com/Sparkies01/mlbb-intro/releases/download/v4.1.3-images/484_image.png","https://github.com/Sparkies01/mlbb-intro/releases/download/v4.1.3/484_SYAXILAA.yahuut.cuy.zip","https://github.com/Sparkies01/mlbb-intro/releases/download/v4.1.3-previews/484_preview.mp4","mode_public","34149","69748","20652"
"483","🔥NONCAKEIT makes it cool","TIKTOK","https://github.com/Sparkies01/mlbb-intro/releases/download/v4.1.3-images/483_image.jpg","https://github.com/Sparkies01/mlbb-intro/releases/download/v4.1.3/483_NONCAKEIT.jadikan.cuy.zip","","mode_public","20630","32649","13375"
"482","🔥NONCAKEIT Are you sure you shouldn't try it?","TIKTOK","https://github.com/Sparkies01/mlbb-intro/releases/download/v4.1.3-images/482_image.jpg","https://github.com/Sparkies01/mlbb-intro/releases/download/v4.1.3/482_NONCAKEIT.yakin.ga.coba.zip","https://github.com/Sparkies01/mlbb-intro/releases/download/v4.1.3-previews/482_preview.mp4","mode_public","56370","97554","43318"
"481","DJ Terena Mette","TIKTOK","","https://github.com/Sparkies01/mlbb-intro/releases/download/v4.1.3/481_DJ.Terena.Mette.X.Alone.zip","https://github.com/Sparkies01/mlbb-intro/releases/download/v4.1.3-previews/481_preview.mp3","mode_public","0","0","0"
"480","🔥CHEZZ VIRAL FOR YOU","TIKTOK","https://github.com/Sparkies01/mlbb-intro/releases/download/v4.1.3-images/480_image.jpg","https://github.com/Sparkies01/mlbb-intro/releases/download/v4.1.3/480_CHEZZ.VIRAL.BUAT.KMU.zip","","mode_public","6273","12506","3434"
"479","🔥CHEZZ VIRAL TIKTOK","TIKTOK","https://github.com/Sparkies01/mlbb-intro/releases/download/v4.1.3-images/479_image.jpg","https://github.com/Sparkies01/mlbb-intro/releases/download/v4.1.3/479_CHEZZ.VIRAL.TIKTOK.zip","https://github.com/Sparkies01/mlbb-intro/releases/download/v4.1.3-previews/479_preview.mp4","mode_public","20148","54044","11366"
"478","🔥KID EUNBI LOADING SCREEN","TIKTOK","https://github.com/Sparkies01/mlbb-intro/releases/download/v4.1.3-images/478_image.jpg","https://github.com/Sparkies01/mlbb-intro/releases/download/v4.1.3/478_BOCIL.EUNBI.LOADING.SCREEN.zip","","mode_public","8899","13381","4438"
"477","🔥KID EUNBI","TIKTOK","https://github.com/Sparkies01/mlbb-intro/releases/download/v4.1.3-images/477_image.jpg","https://github.com/Sparkies01/mlbb-intro/releases/download/v4.1.3/477_BOCIL.EUNBI.zip","https://github.com/Sparkies01/mlbb-intro/releases/download/v4.1.3-previews/477_preview.mp4","mode_public","25001","51700","13595"
"476","DJ wenabest x lost control","TIKTOK","","https://github.com/Sparkies01/mlbb-intro/releases/download/v4.1.3/476_DJ.wenabest.x.lost.control.zip","https://github.com/Sparkies01/mlbb-intro/releases/download/v4.1.3-previews/476_preview.mp3","mode_public","0","0","0"
"475","🔥EUNBI IS CUY","TIKTOK","https://github.com/Sparkies01/mlbb-intro/releases/download/v4.1.3-images/475_image.jpg","https://github.com/Sparkies01/mlbb-intro/releases/download/v4.1.3/475_EUNBI.TERHUTT.CUY.zip","","mode_public","5779","9689","2988"
"474","🔥EUNBI HUTTTT","TIKTOK","https://github.com/Sparkies01/mlbb-intro/releases/download/v4.1.3-images/474_image.jpg","https://github.com/Sparkies01/mlbb-intro/releases/download/v4.1.3/474_EUNBI.TERHUTTTT.zip","https://github.com/Sparkies01/mlbb-intro/releases/download/v4.1.3-previews/474_preview.mp4","mode_public","21349","45793","11481"
"473","🔥CINTHIA GILLA BERDAMAGE CUY","TIKTOK","https://github.com/Sparkies01/mlbb-intro/releases/download/v4.1.3-images/473_image.jpg","https://github.com/Sparkies01/mlbb-intro/releases/download/v4.1.3/473_CINTHIA.GILLA.BERDAMAGE.CUY.zip","https://github.com/Sparkies01/mlbb-intro/releases/download/v4.1.3-previews/473_preview.mp4","mode_public","11877","32525","6353"
"472","CYNTHIA IS CRAZY IN DAMAGE","TIKTOK","https://github.com/Sparkies01/mlbb-intro/releases/download/v4.1.3-images/472_image.jpg","https://github.com/Sparkies01/mlbb-intro/releases/download/v4.1.3/472_CYNTHIA.GILAK.BERDAMAGE.zip","","mode_public","4111","7250","2270"
"471","ZEE JKT48 is crazy and very similar to Korean people","TIKTOK","https://github.com/Sparkies01/mlbb-intro/releases/download/v4.1.3-images/471_image.jpg","https://github.com/Sparkies01/mlbb-intro/releases/download/v4.1.3/471_ZEE.JKT48.Gila.Mirip.Bngt.Orang.Korea.zip","","mode_public","7031","13350","3831"
"470","DJ DO YOU LOVE ME","TIKTOK","","https://github.com/Sparkies01/mlbb-intro/releases/download/v4.1.3/470_DJ.EST.CE.QUE.TU.MAIMES.zip","https://github.com/Sparkies01/mlbb-intro/releases/download/v4.1.3-previews/470_preview.mp3","mode_public","0","0","0"
"469","DJ APT KOPLO Viral Tiktok","TIKTOK","","https://github.com/Sparkies01/mlbb-intro/releases/download/v4.1.3/469_DJ.APT.KOPLO.Viral.Tiktok.zip","https://github.com/Sparkies01/mlbb-intro/releases/download/v4.1.3-previews/469_preview.mp3","mode_public","0","0","0"
"468","FUNK DO BOUNCE (Slowed)","TIKTOK","","https://github.com/Sparkies01/mlbb-intro/releases/download/v4.1.3/468_FUNK.DO.BOUNCE.Slowed.zip","https://github.com/Sparkies01/mlbb-intro/releases/download/v4.1.3-previews/468_preview.mp3","mode_public","0","0","0"
"467","ROSÉ & Bruno Mars - APT","TIKTOK","","https://github.com/Sparkies01/mlbb-intro/releases/download/v4.1.3/467_ROSE.Bruno.Mars.-.APT.zip","https://github.com/Sparkies01/mlbb-intro/releases/download/v4.1.3-previews/467_preview.mp3","mode_public","0","0","0"
"466","Rammstein - Sun [SLOWED]","TIKTOK","","https://github.com/Sparkies01/mlbb-intro/releases/download/v4.1.3/466_Rammstein.-.Sonne.SLOWED.zip","https://github.com/Sparkies01/mlbb-intro/releases/download/v4.1.3-previews/466_preview.mp3","mode_public","0","0","0"
"465","BEAUTIFUL NAYA Accin straight away","TIKTOK","https://github.com/Sparkies01/mlbb-intro/releases/download/v4.1.3-images/465_image.jpg","https://github.com/Sparkies01/mlbb-intro/releases/download/v4.1.3/465_NAYA.CANTIK.Langsung.accin.ya.zip","","mode_public","3816","6620","2013"
"464","KARINA Body Gloss waw","TIKTOK","https://github.com/Sparkies01/mlbb-intro/releases/download/v4.1.3-images/464_image.jpg","https://github.com/Sparkies01/mlbb-intro/releases/download/v4.1.3/464_KARINA.Body.Gloss.waw.zip","","mode_public","666","2011","381"
"463","HANOVO Smooth bet","TIKTOK","https://github.com/Sparkies01/mlbb-intro/releases/download/v4.1.3-images/463_image.jpg","https://github.com/Sparkies01/mlbb-intro/releases/download/v4.1.3/463_HANOVO.Mulus.bet.ya.zip","","mode_public","4039","7296","2244"
"462","HUTAO GENSHIN IMPACT","GAME","https://github.com/Sparkies01/mlbb-intro/releases/download/v4.1.3-images/462_image.jpg","https://github.com/Sparkies01/mlbb-intro/releases/download/v4.1.3/462_HUTAO.GENSHIN.IMPACT.zip","","mode_public","7723","13735","3958"
"461","🔥DUH DOUYIN THIS ONE","TIKTOK","https://github.com/Sparkies01/mlbb-intro/releases/download/v4.1.3-images/461_image.jpg","https://github.com/Sparkies01/mlbb-intro/releases/download/v4.1.3/461_DUH.DOUYIN.YANG.SATU.INI.zip","","mode_public","2719","6140","1363"
"460","ITACHI RED EYE","ANIME","https://github.com/Sparkies01/mlbb-intro/releases/download/v4.1.3-images/460_image.jpg","https://github.com/Sparkies01/mlbb-intro/releases/download/v4.1.3/460_ITACHI.RED.EYE.zip","","mode_public","18229","24902","10163"
"459","SUNDANESE GIRL EUYY","TIKTOK","https://github.com/Sparkies01/mlbb-intro/releases/download/v4.1.3-images/459_image.jpg","https://github.com/Sparkies01/mlbb-intro/releases/download/v4.1.3/459_CEWEK.SUNDANESE.EUYY.zip","","mode_public","4155","8894","2337"
"456","MLBB X YUPI","SPORT","https://github.com/Sparkies01/mlbb-intro/releases/download/v4.1.3-images/456_image.jpg","https://github.com/Sparkies01/mlbb-intro/releases/download/v4.1.3/456_MLBB.X.YUPI.zip","","mode_public","3272","6586","1716"
"455","Skyfall x Attack on Titan","TIKTOK","","https://github.com/Sparkies01/mlbb-intro/releases/download/v4.1.3/455_Skyfall.x.Attack.on.Titan.zip","https://github.com/Sparkies01/mlbb-intro/releases/download/v4.1.3-previews/455_preview.mp4","mode_public","138","0","252"
"454","DJ Lost Hope","TIKTOK","","https://github.com/Sparkies01/mlbb-intro/releases/download/v4.1.3/454_DJ.Hilang.Harapan.zip","https://github.com/Sparkies01/mlbb-intro/releases/download/v4.1.3-previews/454_preview.mp3","mode_public","275","0","345"
"453","ADRIANSUCI PERMISSION TO SAVE FOR SCHOOL ASSIGNMENT","TIKTOK","https://github.com/Sparkies01/mlbb-intro/releases/download/v4.1.3-images/453_image.png","https://github.com/Sparkies01/mlbb-intro/releases/download/v4.1.3/453_ADRIANSUCI.IZIN.SAVE.BUAT.TUGAS.SKULIAH.zip","https://github.com/Sparkies01/mlbb-intro/releases/download/v4.1.3-previews/453_preview.mp4","mode_public","5950","18382","4034"
"451","LAMBORGINE","HD_4K","https://github.com/Sparkies01/mlbb-intro/releases/download/v4.1.3-images/451_image.jpg","https://github.com/Sparkies01/mlbb-intro/releases/download/v4.1.3/451_LAMBORGINI.zip","","testing","5234","12322","2700"
"446","🔥NITA GUNAWAN EH THE REAL FUNCTION OF A BAG","TIKTOK","https://github.com/Sparkies01/mlbb-intro/releases/download/v4.1.3-images/446_image.png","https://github.com/Sparkies01/mlbb-intro/releases/download/v4.1.3/446_NITA.GUNAWAN.EH.FUNGSI.TAS.YANG.SEBENARNYA.zip","https://github.com/Sparkies01/mlbb-intro/releases/download/v4.1.3-previews/446_preview.mp4","","3979","17074","3452"
"445","🔥RESPONSE01 COUNTER BY","TIKTOK","https://github.com/Sparkies01/mlbb-intro/releases/download/v4.1.3-images/445_image.png","https://github.com/Sparkies01/mlbb-intro/releases/download/v4.1.3/445_RESAAAYNI01.COUNTER.SIAPA.NI.zip","https://github.com/Sparkies01/mlbb-intro/releases/download/v4.1.3-previews/445_preview.mp4","","8473","25961","5271"
"444","🔥HANOVO IS SO SMOOTH","TIKTOK","https://github.com/Sparkies01/mlbb-intro/releases/download/v4.1.3-images/444_image.png","https://github.com/Sparkies01/mlbb-intro/releases/download/v4.1.3/444_HANOVO.EMANG.SEMULUS.INI.YA.zip","https://github.com/Sparkies01/mlbb-intro/releases/download/v4.1.3-previews/444_preview.mp4","","13715","39915","15655"
"443","🔥WANWARIN","TIKTOK","https://github.com/Sparkies01/mlbb-intro/releases/download/v4.1.3-images/443_image.png","https://github.com/Sparkies01/mlbb-intro/releases/download/v4.1.3/443_WANWARIN.X.TIKTOK.LENGAH.DIKIT.SALTING.zip","https://github.com/Sparkies01/mlbb-intro/releases/download/v4.1.3-previews/443_preview.mp4","","11884","30398","11406"
"442","🔥CELCIA'S A LITTLE MORE HEHE","TIKTOK","https://github.com/Sparkies01/mlbb-intro/releases/download/v4.1.3-images/442_image.png","https://github.com/Sparkies01/mlbb-intro/releases/download/v4.1.3/442_CELCIA.DIKIT.LAGI.TUH.HEHE.zip","https://github.com/Sparkies01/mlbb-intro/releases/download/v4.1.3-previews/442_preview.mp4","","12249","33003","12378"
"441","🔥MSBREEWC WHO IS THIS REQUST?","TIKTOK","https://github.com/Sparkies01/mlbb-intro/releases/download/v4.1.3-images/441_image.png","https://github.com/Sparkies01/mlbb-intro/releases/download/v4.1.3/441_MSBREEWC.SIAPA.SI.INI.YANG.REQUST.zip","https://github.com/Sparkies01/mlbb-intro/releases/download/v4.1.3-previews/441_preview.mp4","","24321","47630","21020"
"440","🔥JUJUTSU KAISEN NEW EDIT","ANIME","https://github.com/Sparkies01/mlbb-intro/releases/download/v4.1.3-images/440_image.jpg","https://github.com/Sparkies01/mlbb-intro/releases/download/v4.1.3/440_JUJUTSU.KAISEN.NEW.EDIT.zip","https://github.com/Sparkies01/mlbb-intro/releases/download/v4.1.3-previews/440_preview.mp4","","43850","70438","33900"
"439","🔥 SOMETHING IS WEIRD, ISN'T IT","TIKTOK","https://github.com/Sparkies01/mlbb-intro/releases/download/v4.1.3-images/439_image.jpg","https://github.com/Sparkies01/mlbb-intro/releases/download/v4.1.3/439_KAYA.ADA.YANG.ANEH.GA.SIH.zip","https://github.com/Sparkies01/mlbb-intro/releases/download/v4.1.3-previews/439_preview.mp4","","10299","24959","11282"
"438","🔥DUO WHAT IS THIS GESS jan says keep logging in because of this","TIKTOK","https://github.com/Sparkies01/mlbb-intro/releases/download/v4.1.3-images/438_image.jpg","https://github.com/Sparkies01/mlbb-intro/releases/download/v4.1.3/438_DUO.APA.NI.GESS.jan.bilang.login.terus.gara.gara.ini.zip","https://github.com/Sparkies01/mlbb-intro/releases/download/v4.1.3-previews/438_preview.mp4","","14915","32441","14974"
"437","🔥KARINA BODY GLOSS WOW","TIKTOK","https://github.com/Sparkies01/mlbb-intro/releases/download/v4.1.3-images/437_image.jpg","https://github.com/Sparkies01/mlbb-intro/releases/download/v4.1.3/437_KARINA.BODY.GLOSS.WOW.zip","https://github.com/Sparkies01/mlbb-intro/releases/download/v4.1.3-previews/437_preview.mp4","","4181","12096","4821"
"436","🔥BEAUTIFUL MAJORETTE CHARM","TIKTOK","https://github.com/Sparkies01/mlbb-intro/releases/download/v4.1.3-images/436_image.jpg","https://github.com/Sparkies01/mlbb-intro/releases/download/v4.1.3/436_PESONA.MAYORET.CANTIK.BET.zip","https://github.com/Sparkies01/mlbb-intro/releases/download/v4.1.3-previews/436_preview.mp4","","4184","13679","4543"
"435","🔥Intro August 17, 2024","TIKTOK","https://github.com/Sparkies01/mlbb-intro/releases/download/v4.1.3-images/435_image.png","https://github.com/Sparkies01/mlbb-intro/releases/download/v4.1.3/435_Intro.17.Agustus.2024.zip","https://github.com/Sparkies01/mlbb-intro/releases/download/v4.1.3-previews/435_preview.mp4","","3708","21108","3035"
"434","🔥HONEYPIE! BEJIR FYP CONTINUES","ANIME","https://github.com/Sparkies01/mlbb-intro/releases/download/v4.1.3-images/434_image.jpg","https://github.com/Sparkies01/mlbb-intro/releases/download/v4.1.3/434_HONEYPIE.BEJIR.FYP.TERUS.zip","https://github.com/Sparkies01/mlbb-intro/releases/download/v4.1.3-previews/434_preview.mp4","","13447","24658","10909"
"433","🔥THE FUNNIEST TREND CURRENTLY HURRY WE LOVE OUR DEAR MOONTON MOONTON","TIKTOK","https://github.com/Sparkies01/mlbb-intro/releases/download/v4.1.3-images/433_image.jpg","https://github.com/Sparkies01/mlbb-intro/releases/download/v4.1.3/433_TREND.TERLUCU.SAAT.INI.HORE.KAMI.SAYANG.MOONTON.MONTON.SAYANG.KAMI.zip","https://github.com/Sparkies01/mlbb-intro/releases/download/v4.1.3-previews/433_preview.mp4","","5799","10886","5183"
"432","🔥LEE JU EUN JUST STILL IS STILL CUTE CUY","TIKTOK","https://github.com/Sparkies01/mlbb-intro/releases/download/v4.1.3-images/432_image.jpg","https://github.com/Sparkies01/mlbb-intro/releases/download/v4.1.3/432_LEE.JU.EUN.UJAN.AJA.MASIH.CAKEP.CUY.zip","https://github.com/Sparkies01/mlbb-intro/releases/download/v4.1.3-previews/432_preview.mp4","","4545","11310","5965"
"431","🔥NOVI APRILIA LIVES HAPPILY EVERY DAY THAT GOES","TIKTOK","https://github.com/Sparkies01/mlbb-intro/releases/download/v4.1.3-images/431_image.jpg","https://github.com/Sparkies01/mlbb-intro/releases/download/v4.1.3/431_NOVI.APRILIA.HIDUP.SENANG.SETIAP.HARI.MELAYANG.zip","https://github.com/Sparkies01/mlbb-intro/releases/download/v4.1.3-previews/431_preview.mp4","","30950","38956","35862"
"430","🔥TOO CUTE The mouse is on the head","TIKTOK","https://github.com/Sparkies01/mlbb-intro/releases/download/v4.1.3-images/430_image.jpg","https://github.com/Sparkies01/mlbb-intro/releases/download/v4.1.3/430_CAKEP.JUGA.Tikusnya.di.kepala.zip","https://github.com/Sparkies01/mlbb-intro/releases/download/v4.1.3-previews/430_preview.mp4","","34022","38853","40824"
"429","🔥TOBRUT Repent immediately","TIKTOK","https://github.com/Sparkies01/mlbb-intro/releases/download/v4.1.3-images/429_image.jpg","https://github.com/Sparkies01/mlbb-intro/releases/download/v4.1.3/429_TOBRUT.Langsung.tobat.dah.zip","https://github.com/Sparkies01/mlbb-intro/releases/download/v4.1.3-previews/429_preview.mp4","","32925","47841","34963"
"428","🔥HYERIN DUH INFORM YOUR ACCOUNT BRE","TIKTOK","https://github.com/Sparkies01/mlbb-intro/releases/download/v4.1.3-images/428_image.jpg","https://github.com/Sparkies01/mlbb-intro/releases/download/v4.1.3/428_HYERIN.DUH.INFOKAN.AKUN.BRE.zip","https://github.com/Sparkies01/mlbb-intro/releases/download/v4.1.3-previews/428_preview.mp4","","19596","23347","20473"
"427","🔥YUKISUOU BAKA-BAKA","ANIME","https://github.com/Sparkies01/mlbb-intro/releases/download/v4.1.3-images/427_image.png","https://github.com/Sparkies01/mlbb-intro/releases/download/v4.1.3/427_YUKISUOU.BAKA-BAKA.zip","https://github.com/Sparkies01/mlbb-intro/releases/download/v4.1.3-previews/427_preview.mp4","","18489","33082","18615"
"426","🔥SUNDANESE AURA IS DIFFERENT CUY","TIKTOK","https://github.com/Sparkies01/mlbb-intro/releases/download/v4.1.3-images/426_image.jpg","https://github.com/Sparkies01/mlbb-intro/releases/download/v4.1.3/426_AYANG.SUNDANESE.AURANYA.BEDA.CUY.zip","https://github.com/Sparkies01/mlbb-intro/releases/download/v4.1.3-previews/426_preview.mp4","mode_publick","16679","24496","16008"
"425","🔥VILMEI","TIKTOK","https://github.com/Sparkies01/mlbb-intro/releases/download/v4.1.3-images/425_image.png","https://github.com/Sparkies01/mlbb-intro/releases/download/v4.1.3/425_VILMEI.X.RUMSYAH.Duh.cocok.bngt.zip","https://github.com/Sparkies01/mlbb-intro/releases/download/v4.1.3-previews/425_preview.mp4","","15313","18483","13018"
"424","🔥MOMMY XIAOWA JUST FOUND OUT","TIKTOK","https://github.com/Sparkies01/mlbb-intro/releases/download/v4.1.3-images/424_image.png","https://github.com/Sparkies01/mlbb-intro/releases/download/v4.1.3/424_MOMY.XIAOWA.BARU.TAU.DIA.zip","https://github.com/Sparkies01/mlbb-intro/releases/download/v4.1.3-previews/424_preview.mp4","","16850","20614","12534"
"423","🔥CHINESE NEW TREND TIKTOK","TIKTOK","https://github.com/Sparkies01/mlbb-intro/releases/download/v4.1.3-images/423_image.png","https://github.com/Sparkies01/mlbb-intro/releases/download/v4.1.3/423_CHINESE.NEW.TREND.TIKTOK.zip","https://github.com/Sparkies01/mlbb-intro/releases/download/v4.1.3-previews/423_preview.mp4","","12218","15065","9608"
"422","🔥LALALISA JUST JOINED TIKTOK","TIKTOK","https://github.com/Sparkies01/mlbb-intro/releases/download/v4.1.3-images/422_image.png","https://github.com/Sparkies01/mlbb-intro/releases/download/v4.1.3/422_LALALISA.Baru.JOin.Tiktok.zip","https://github.com/Sparkies01/mlbb-intro/releases/download/v4.1.3-previews/422_preview.mp4","","35731","26985","35464"
"421","🔥FAKER X MLBB","SPORT","https://github.com/Sparkies01/mlbb-intro/releases/download/v4.1.3-images/421_image.png","https://github.com/Sparkies01/mlbb-intro/releases/download/v4.1.3/421_FAKER.X.MLBB.zip","https://github.com/Sparkies01/mlbb-intro/releases/download/v4.1.3-previews/421_preview.mp4","","7689","10999","6245"
"420","🔥OMG CUT ME THAT WAS ADDICTIVE","TIKTOK","https://github.com/Sparkies01/mlbb-intro/releases/download/v4.1.3-images/420_image.png","https://github.com/Sparkies01/mlbb-intro/releases/download/v4.1.3/420_TADI.OM.POTONG.SAYA.Bikin.Candu.zip","https://github.com/Sparkies01/mlbb-intro/releases/download/v4.1.3-previews/420_preview.mp4","","26354","21774","28958"
"419","🔥SHIKANOKO NOKONOKO KOSHITANTAN","ANIME","https://github.com/Sparkies01/mlbb-intro/releases/download/v4.1.3-images/419_image.png","https://github.com/Sparkies01/mlbb-intro/releases/download/v4.1.3/419_SHIKANOKO.NOKONOKO.KOSHITANTAN.zip","https://github.com/Sparkies01/mlbb-intro/releases/download/v4.1.3-previews/419_preview.mp4","","29356","27377","29214"
"418","🔥KATHRIN JKT48 LATE TREND","TIKTOK","https://github.com/Sparkies01/mlbb-intro/releases/download/v4.1.3-images/418_image.png","https://github.com/Sparkies01/mlbb-intro/releases/download/v4.1.3/418_KATHRIN.JKT48.TELAT.TREND.zip","https://github.com/Sparkies01/mlbb-intro/releases/download/v4.1.3-previews/418_preview.mp4","","82718","50274","79530"
"417","🔥KOBO X MARINE","HD_4K","https://github.com/Sparkies01/mlbb-intro/releases/download/v4.1.3-images/417_image.png","https://github.com/Sparkies01/mlbb-intro/releases/download/v4.1.3/417_KOBO.X.MARINE.zip","https://github.com/Sparkies01/mlbb-intro/releases/download/v4.1.3-previews/417_preview.mp4","","17826","21156","14866"
"416","🔥CUTTING ACCIN BUND","TIKTOK","https://github.com/Sparkies01/mlbb-intro/releases/download/v4.1.3-images/416_image.png","https://github.com/Sparkies01/mlbb-intro/releases/download/v4.1.3/416_NAYACANTIK.ACCin.BUND.zip","https://github.com/Sparkies01/mlbb-intro/releases/download/v4.1.3-previews/416_preview.mp4","","21813","14629","18048"
"415","🔥THE CHARM OF HIGH SCHOOL GIRLS WHO HAVE GRADUATED","TIKTOK","https://github.com/Sparkies01/mlbb-intro/releases/download/v4.1.3-images/415_image.png","https://github.com/Sparkies01/mlbb-intro/releases/download/v4.1.3/415_PESONA.CEWEK.SMA.Yang.dah.Lulus.zip","https://github.com/Sparkies01/mlbb-intro/releases/download/v4.1.3-previews/415_preview.mp4","","30530","20460","25714"
"414","🔥COUTER INDIRA SKIN PINK","TIKTOK","https://github.com/Sparkies01/mlbb-intro/releases/download/v4.1.3-images/414_image.png","https://github.com/Sparkies01/mlbb-intro/releases/download/v4.1.3/414_COUTER.INDIRA.SKIN.PINK.zip","https://github.com/Sparkies01/mlbb-intro/releases/download/v4.1.3-previews/414_preview.mp4","","13557","11645","10337"
"413","🔥AMU IN THE REAL WORLD CHOY","TIKTOK","https://github.com/Sparkies01/mlbb-intro/releases/download/v4.1.3-images/413_image.png","https://github.com/Sparkies01/mlbb-intro/releases/download/v4.1.3/413_AMU.DI.DUNIA.NYATA.CHOY.zip","https://github.com/Sparkies01/mlbb-intro/releases/download/v4.1.3-previews/413_preview.mp4","","5263","7675","4328"
"412","🔥SZS NEW SKIN","TIKTOK","https://github.com/Sparkies01/mlbb-intro/releases/download/v4.1.3-images/412_image.jpg","https://github.com/Sparkies01/mlbb-intro/releases/download/v4.1.3/412_SZS.SKIN.BARU.NIH.zip","https://github.com/Sparkies01/mlbb-intro/releases/download/v4.1.3-previews/412_preview.mp4","","67483","41190","64547"
"411","🔥SZS HAPPY TERUS","TIKTOK","https://github.com/Sparkies01/mlbb-intro/releases/download/v4.1.3-images/411_image.jpg","https://github.com/Sparkies01/mlbb-intro/releases/download/v4.1.3/411_SZS.HAPPPY.TERUS.zip","https://github.com/Sparkies01/mlbb-intro/releases/download/v4.1.3-previews/411_preview.mp4","","29376","27366","21980"
"410","🔥HIS VOICE MAKES DIBO A VIRAL","TIKTOK","https://github.com/Sparkies01/mlbb-intro/releases/download/v4.1.3-images/410_image.jpg","https://github.com/Sparkies01/mlbb-intro/releases/download/v4.1.3/410_SUARANYA.BIKIN.CANDU.DIBO.VIRAL.zip","https://github.com/Sparkies01/mlbb-intro/releases/download/v4.1.3-previews/410_preview.mp4","","16367","13932","11408"
"409","🔥JJ DIBO VIRAL MALARIA PLEASE","TIKTOK","https://github.com/Sparkies01/mlbb-intro/releases/download/v4.1.3-images/409_image.jpg","https://github.com/Sparkies01/mlbb-intro/releases/download/v4.1.3/409_JJ.DIBO.MALARIA.VIRAL.DONG.zip","https://github.com/Sparkies01/mlbb-intro/releases/download/v4.1.3-previews/409_preview.mp4","mode_publick","20351","16545","17132"
"408","🔥FIRST MEET ORIGINAL JUST HOLD LU","TIKTOK","https://github.com/Sparkies01/mlbb-intro/releases/download/v4.1.3-images/408_image.jpg","https://github.com/Sparkies01/mlbb-intro/releases/download/v4.1.3/408_FIRST.MEET.ASAL.PEGANG.AJA.LU.zip","https://github.com/Sparkies01/mlbb-intro/releases/download/v4.1.3-previews/408_preview.mp4","mode_publick","4490","11735","2386"
"407","🔥ZQYAA X MLBB SMALL BUT B3S4R","TIKTOK","https://github.com/Sparkies01/mlbb-intro/releases/download/v4.1.3-images/407_image.jpg","https://github.com/Sparkies01/mlbb-intro/releases/download/v4.1.3/407_ZQYAA.X.MLBB.KECIL.TAPI.B3S4R.zip","https://github.com/Sparkies01/mlbb-intro/releases/download/v4.1.3-previews/407_preview.mp4","mode_publick","5477","11809","3096"
"406","🔥THE 2ND VERSION OF TALIA IS MORE SPIRITUAL","TIKTOK","https://github.com/Sparkies01/mlbb-intro/releases/download/v4.1.3-images/406_image.jpg","https://github.com/Sparkies01/mlbb-intro/releases/download/v4.1.3/406_TALIA.VERSI.KE.2.NYA.LEBIH.SEMANGAT.zip","https://github.com/Sparkies01/mlbb-intro/releases/download/v4.1.3-previews/406_preview.mp4","mode_publick","4034","8572","2268"
"405","🔥RRQ TALIA DIGICELL POE IS THIS","SPORT","https://github.com/Sparkies01/mlbb-intro/releases/download/v4.1.3-images/405_image.jpg","https://github.com/Sparkies01/mlbb-intro/releases/download/v4.1.3/405_RRQ.TALIA.DIGICELL.POENYA.NIH.zip","https://github.com/Sparkies01/mlbb-intro/releases/download/v4.1.3-previews/405_preview.mp4","","10315","14097","7120"
"404","🔥FIRDA ALEXA","TIKTOK","https://github.com/Sparkies01/mlbb-intro/releases/download/v4.1.3-images/404_image.jpg","https://github.com/Sparkies01/mlbb-intro/releases/download/v4.1.3/404_FIRDA.ALEXA.X.MLBB.MENGHAYATI.BNGT.zip","https://github.com/Sparkies01/mlbb-intro/releases/download/v4.1.3-previews/404_preview.mp4","","11963","14017","7164"
"403","🔥 HANI FULL SKIN","TIKTOK","https://github.com/Sparkies01/mlbb-intro/releases/download/v4.1.3-images/403_image.jpg","https://github.com/Sparkies01/mlbb-intro/releases/download/v4.1.3/403_HANI.FULL.SKIN.zip","https://github.com/Sparkies01/mlbb-intro/releases/download/v4.1.3-previews/403_preview.mp4","","15455","14714","9608"
"402","🔥GANYU IN REAL LIFE","TIKTOK","https://github.com/Sparkies01/mlbb-intro/releases/download/v4.1.3-images/402_image.jpg","https://github.com/Sparkies01/mlbb-intro/releases/download/v4.1.3/402_GANYU.IN.REAL.LIFE.zip","https://github.com/Sparkies01/mlbb-intro/releases/download/v4.1.3-previews/402_preview.mp4","","9133","10291","6452"
"401","🔥LUFFY VS LUCCI THE CAT IS STILL SMALL TOO","ANIME","https://github.com/Sparkies01/mlbb-intro/releases/download/v4.1.3-images/401_image.jpg","https://github.com/Sparkies01/mlbb-intro/releases/download/v4.1.3/401_LUFFY.VS.LUCCI.KUCING.MASIH.KECIL.JUGA.zip","https://github.com/Sparkies01/mlbb-intro/releases/download/v4.1.3-previews/401_preview.mp4","","41335","50150","36739"
"400","🔥 WHEN L HE IS ANGRY","TIKTOK","https://github.com/Sparkies01/mlbb-intro/releases/download/v4.1.3-images/400_image.jpg","https://github.com/Sparkies01/mlbb-intro/releases/download/v4.1.3/400_BILA.L.DIA.MARAH.MARAH.zip","https://github.com/Sparkies01/mlbb-intro/releases/download/v4.1.3-previews/400_preview.mp4","","5171","6403","2773"
"399","🔥ADINDAKSA WHAT IS FATHUL IZHAR","TIKTOK","https://github.com/Sparkies01/mlbb-intro/releases/download/v4.1.3-images/399_image.jpg","https://github.com/Sparkies01/mlbb-intro/releases/download/v4.1.3/399_ADINDAKSA.APA.ITU.FATHUL.IZHAR.zip","https://github.com/Sparkies01/mlbb-intro/releases/download/v4.1.3-previews/399_preview.mp4","","27365","14050","6220"
"398","🔥GODZILLA X KONG","HD_4K","https://github.com/Sparkies01/mlbb-intro/releases/download/v4.1.3-images/398_image.jpg","https://github.com/Sparkies01/mlbb-intro/releases/download/v4.1.3/398_GODZILLA.X.KONG.zip","https://github.com/Sparkies01/mlbb-intro/releases/download/v4.1.3-previews/398_preview.mp4","","12402","17059","8477"
"397","🔥CHINESE COSPLAY WHOSE CAT IS THIS?","TIKTOK","https://github.com/Sparkies01/mlbb-intro/releases/download/v4.1.3-images/397_image.jpg","https://github.com/Sparkies01/mlbb-intro/releases/download/v4.1.3/397_CHINESE.KOSPLAY.DUH.KUCING.SIAPA.INI.zip","https://github.com/Sparkies01/mlbb-intro/releases/download/v4.1.3-previews/397_preview.mp4","","7666","8423","4449"
"396","🔥RRQ NO COUNTER","SPORT","https://github.com/Sparkies01/mlbb-intro/releases/download/v4.1.3-images/396_image.jpg","https://github.com/Sparkies01/mlbb-intro/releases/download/v4.1.3/396_RRQ.BIBI.DUH.NO.COUNTER.zip","https://github.com/Sparkies01/mlbb-intro/releases/download/v4.1.3-previews/396_preview.mp4","","10098","10991","5912"
"395","🔥KAK ILVI BIKIN ADEM","TIKTOK","https://github.com/Sparkies01/mlbb-intro/releases/download/v4.1.3-images/395_image.jpg","https://github.com/Sparkies01/mlbb-intro/releases/download/v4.1.3/395_KAK.ILVI.BIKIN.ADEM.zip","https://github.com/Sparkies01/mlbb-intro/releases/download/v4.1.3-previews/395_preview.mp4","","20762","18307","13516"
"394","🔥DOUYIN HIJAB VERSION","TIKTOK","https://github.com/Sparkies01/mlbb-intro/releases/download/v4.1.3-images/394_image.jpg","https://github.com/Sparkies01/mlbb-intro/releases/download/v4.1.3/394_DOUYIN.VERSI.HIJAB.zip","https://github.com/Sparkies01/mlbb-intro/releases/download/v4.1.3-previews/394_preview.mp4","","12592","13718","6974"
"393","🔥VIRAL MY MIRZA","TIKTOK","https://github.com/Sparkies01/mlbb-intro/releases/download/v4.1.3-images/393_image.jpg","https://github.com/Sparkies01/mlbb-intro/releases/download/v4.1.3/393_VIRAL.MIO.MIRZA.zip","https://github.com/Sparkies01/mlbb-intro/releases/download/v4.1.3-previews/393_preview.mp4","","31552","31212","19152"
"392","🔥ONECHAN MANHWA IS MORE TEASING","TIKTOK","https://github.com/Sparkies01/mlbb-intro/releases/download/v4.1.3-images/392_image.jpg","https://github.com/Sparkies01/mlbb-intro/releases/download/v4.1.3/392_ONECHAN.MANHWA.LEBIH.MENGGODA.zip","https://github.com/Sparkies01/mlbb-intro/releases/download/v4.1.3-previews/392_preview.mp4","","9583","10238","4958"
"391","🔥THE QUEEN OF THE HALL IS GETTING IN FRONT","TIKTOK","https://github.com/Sparkies01/mlbb-intro/releases/download/v4.1.3-images/391_image.jpg","https://github.com/Sparkies01/mlbb-intro/releases/download/v4.1.3/391_RATU.AULIA.SEMAKIN.DIDEPAN.zip","https://github.com/Sparkies01/mlbb-intro/releases/download/v4.1.3-previews/391_preview.mp4","","7390","7940","3451"
"390","🔥PYRAMIDGAME X MLBB","HD_4K","https://github.com/Sparkies01/mlbb-intro/releases/download/v4.1.3-images/390_image.jpg","https://github.com/Sparkies01/mlbb-intro/releases/download/v4.1.3/390_PYRAMIDGAME.X.MLBB.zip","https://github.com/Sparkies01/mlbb-intro/releases/download/v4.1.3-previews/390_preview.mp4","","2790","8317","1537"
"389","🔥CELEB IS NOT ANY CELEB","TIKTOK","https://github.com/Sparkies01/mlbb-intro/releases/download/v4.1.3-images/389_image.jpg","https://github.com/Sparkies01/mlbb-intro/releases/download/v4.1.3/389_SELEB.BUKAN.SEMBARANG.SELEB.zip","https://github.com/Sparkies01/mlbb-intro/releases/download/v4.1.3-previews/389_preview.mp4","","10171","12880","4552"
"388","🔥WHAT THE FUCK IS THAT BULLET","TIKTOK","https://github.com/Sparkies01/mlbb-intro/releases/download/v4.1.3-images/388_image.jpg","https://github.com/Sparkies01/mlbb-intro/releases/download/v4.1.3/388_MANDUT.APANYA.TU.YANG.BULET.zip","https://github.com/Sparkies01/mlbb-intro/releases/download/v4.1.3-previews/388_preview.mp4","","13491","11964","7535"
"387","🔥 YOUNG MOTHER'S SOUND IS MORE UHUYY","TIKTOK","https://github.com/Sparkies01/mlbb-intro/releases/download/v4.1.3-images/387_image.jpg","https://github.com/Sparkies01/mlbb-intro/releases/download/v4.1.3/387_SOUND.MAMAH.MUDA.LEBIH.UHUYY.zip","https://github.com/Sparkies01/mlbb-intro/releases/download/v4.1.3-previews/387_preview.mp4","","14891","14966","7831"
"386","🔥DOUYIN IH HARD FALLING","TIKTOK","https://github.com/Sparkies01/mlbb-intro/releases/download/v4.1.3-images/386_image.jpg","https://github.com/Sparkies01/mlbb-intro/releases/download/v4.1.3/386_DOUYIN.IH.NGERI.JATOH.zip","https://github.com/Sparkies01/mlbb-intro/releases/download/v4.1.3-previews/386_preview.mp4","","19979","19444","10431"
"385","🔥NOW GET IT","TIKTOK","https://github.com/Sparkies01/mlbb-intro/releases/download/v4.1.3-images/385_image.jpg","https://github.com/Sparkies01/mlbb-intro/releases/download/v4.1.3/385_SEKARANG.GANJAR.NIH.zip","https://github.com/Sparkies01/mlbb-intro/releases/download/v4.1.3-previews/385_preview.mp4","","3421","4573","1513"
"384","🔥MLBB","TIKTOK","https://github.com/Sparkies01/mlbb-intro/releases/download/v4.1.3-images/384_image.jpg","https://github.com/Sparkies01/mlbb-intro/releases/download/v4.1.3/384_MLBB.X.PDIP.MENYALA.ABANGKUH.PADA.MASANYA.zip","https://github.com/Sparkies01/mlbb-intro/releases/download/v4.1.3-previews/384_preview.mp4","","16292","20033","8178"
"383","🔥DOUYIN CHINA IS TUING TUING","TIKTOK","https://github.com/Sparkies01/mlbb-intro/releases/download/v4.1.3-images/383_image.jpg","https://github.com/Sparkies01/mlbb-intro/releases/download/v4.1.3/383_DOUYIN.CHINA.EMANG.TUING.TUING.YA.zip","https://github.com/Sparkies01/mlbb-intro/releases/download/v4.1.3-previews/383_preview.mp4","","15300","17103","8568"
"382","🔥IT'S NOT DANGEROUS TA PRABOWO GIBRAN","TIKTOK","https://github.com/Sparkies01/mlbb-intro/releases/download/v4.1.3-images/382_image.jpg","https://github.com/Sparkies01/mlbb-intro/releases/download/v4.1.3/382_GAK.BAHAYA.TA.PRABOWO.GIBRAN.zip","https://github.com/Sparkies01/mlbb-intro/releases/download/v4.1.3-previews/382_preview.mp4","","29922","26106","6957"
"381","🔥EVOS ALYSSA MY BOSS","SPORT","https://github.com/Sparkies01/mlbb-intro/releases/download/v4.1.3-images/381_image.jpg","https://github.com/Sparkies01/mlbb-intro/releases/download/v4.1.3/381_EVOS.ALYSSA.BOSKU.zip","https://github.com/Sparkies01/mlbb-intro/releases/download/v4.1.3-previews/381_preview.mp4","","7824","8068","4466"
"380","🔥YUPI'S OTHER EVOS THROUGH CUYYY","SPORT","https://github.com/Sparkies01/mlbb-intro/releases/download/v4.1.3-images/380_image.jpg","https://github.com/Sparkies01/mlbb-intro/releases/download/v4.1.3/380_EVOS.YUPI.YANG.LAIN.LEWAT.CUYYY.zip","https://github.com/Sparkies01/mlbb-intro/releases/download/v4.1.3-previews/380_preview.mp4","","5828","7317","3481"
"379","🔥 CLAUSIE EVOS IF THEY TALENT WIBU","SPORT","https://github.com/Sparkies01/mlbb-intro/releases/download/v4.1.3-images/379_image.jpg","https://github.com/Sparkies01/mlbb-intro/releases/download/v4.1.3/379_CLAUSIE.EVOS.SI.TALENT.WIBU.zip","https://github.com/Sparkies01/mlbb-intro/releases/download/v4.1.3-previews/379_preview.mp4","","4085","5925","2310"
"378","🔥NADINE ABIGAIL FULL HD CHINDO LOCAL","SPORT","https://github.com/Sparkies01/mlbb-intro/releases/download/v4.1.3-images/378_image.jpg","https://github.com/Sparkies01/mlbb-intro/releases/download/v4.1.3/378_NADINE.ABIGAIL.FULL.HD.CHINDO.LOKAL.zip","https://github.com/Sparkies01/mlbb-intro/releases/download/v4.1.3-previews/378_preview.mp4","","7093","6906","3666"
"377","🔥ANGELCHAN X YUMEKO KNOWS WHO HE IS","TIKTOK","https://github.com/Sparkies01/mlbb-intro/releases/download/v4.1.3-images/377_image.jpg","https://github.com/Sparkies01/mlbb-intro/releases/download/v4.1.3/377_ANGELCHAN.X.YUMEKO.TAU.KAN.SIAPA.DIA.zip","https://github.com/Sparkies01/mlbb-intro/releases/download/v4.1.3-previews/377_preview.mp4","","9814","7238","4939"
"376","🔥JESS NO LIMIT IS BACK","SPORT","https://github.com/Sparkies01/mlbb-intro/releases/download/v4.1.3-images/376_image.jpg","https://github.com/Sparkies01/mlbb-intro/releases/download/v4.1.3/376_JESS.NO.LIMIT.IS.BACK.zip","https://github.com/Sparkies01/mlbb-intro/releases/download/v4.1.3-previews/376_preview.mp4","","8026","14459","4431"
"375","🔥DOUYIN X MLBB BECOME CRT PEN","TIKTOK","https://github.com/Sparkies01/mlbb-intro/releases/download/v4.1.3-images/375_image.jpg","https://github.com/Sparkies01/mlbb-intro/releases/download/v4.1.3/375_DOUYIN.X.MLBB.JADI.PEN.CRT.zip","https://github.com/Sparkies01/mlbb-intro/releases/download/v4.1.3-previews/375_preview.mp4","","23619","21418","13279"
"374","🔥MLBB X AOT TITAN WEAR COLOR","GAME","https://github.com/Sparkies01/mlbb-intro/releases/download/v4.1.3-images/374_image.jpg","https://github.com/Sparkies01/mlbb-intro/releases/download/v4.1.3/374_MLBB.X.AOT.TITAN.PAKAI.KOLOR.zip","https://github.com/Sparkies01/mlbb-intro/releases/download/v4.1.3-previews/374_preview.mp4","","17263","27083","12311"
"373","🔥BILLAWW X MLBB ROUND BNGT YA","TIKTOK","https://github.com/Sparkies01/mlbb-intro/releases/download/v4.1.3-images/373_image.jpg","https://github.com/Sparkies01/mlbb-intro/releases/download/v4.1.3/373_BIILLAWW.X.MLBB.BULAT.BNGT.YA.zip","https://github.com/Sparkies01/mlbb-intro/releases/download/v4.1.3-previews/373_preview.mp4","","25808","19243","13319"
"372","😭 OLINE SLEEP EYE SECANDU ITU","TIKTOK","https://github.com/Sparkies01/mlbb-intro/releases/download/v4.1.3-images/372_image.jpg","https://github.com/Sparkies01/mlbb-intro/releases/download/v4.1.3/372_OLINE.SLEEP.EYE.SECANDU.ITU.zip","https://github.com/Sparkies01/mlbb-intro/releases/download/v4.1.3-previews/372_preview.mp4","","12346","10098","6467"
"371","🔥SENNA SCOUT SKIN IS TRUE","TIKTOK","https://github.com/Sparkies01/mlbb-intro/releases/download/v4.1.3-images/371_image.jpg","https://github.com/Sparkies01/mlbb-intro/releases/download/v4.1.3/371_SENNA.SKIN.PRAMUKA.AJIB.BENER.zip","https://github.com/Sparkies01/mlbb-intro/releases/download/v4.1.3-previews/371_preview.mp4","","10464","9936","5164"
"370","🔥VIRAL SENNA IS ALIKA","TIKTOK","https://github.com/Sparkies01/mlbb-intro/releases/download/v4.1.3-images/370_image.jpg","https://github.com/Sparkies01/mlbb-intro/releases/download/v4.1.3/370_VIRAL.SENNA.TERNYATA.ALIKA.zip","https://github.com/Sparkies01/mlbb-intro/releases/download/v4.1.3-previews/370_preview.mp4","","17426","18284","9376"
"369","🔥VIRAL SENNA V2 JUST KNOW","TIKTOK","https://github.com/Sparkies01/mlbb-intro/releases/download/v4.1.3-images/369_image.jpg","https://github.com/Sparkies01/mlbb-intro/releases/download/v4.1.3/369_VIRAL.SENNA.V2.YANG.TAU.TAU.AJA.zip","https://github.com/Sparkies01/mlbb-intro/releases/download/v4.1.3-previews/369_preview.mp4","","7420","6035","3703"
"368","🔥 TODAY IT'S SO VIRAL","HD_4K","https://github.com/Sparkies01/mlbb-intro/releases/download/v4.1.3-images/368_image.jpg","https://github.com/Sparkies01/mlbb-intro/releases/download/v4.1.3/368_HARI.INI.TERSENNA-SENA.VIRAL.zip","https://github.com/Sparkies01/mlbb-intro/releases/download/v4.1.3-previews/368_preview.mp4","","10928","16309","6055"
"367","🔥 TODAY IT'S SO VIRAL","TIKTOK","https://github.com/Sparkies01/mlbb-intro/releases/download/v4.1.3-images/368_image.jpg","https://github.com/Sparkies01/mlbb-intro/releases/download/v4.1.3/368_HARI.INI.TERSENNA-SENA.VIRAL.zip","https://github.com/Sparkies01/mlbb-intro/releases/download/v4.1.3-previews/368_preview.mp4","","9557","8562","4757"
"366","🔥RANNALHADDAR","TIKTOK","https://github.com/Sparkies01/mlbb-intro/releases/download/v4.1.3-images/366_image.jpg","https://github.com/Sparkies01/mlbb-intro/releases/download/v4.1.3/366_RANNALHADDAR.X.MLBB.BARU.TAU.SAYA.zip","https://github.com/Sparkies01/mlbb-intro/releases/download/v4.1.3-previews/366_preview.mp4","","7241","6506","3560"
"365","🔥ECA X MLBB SERBA PINX","TIKTOK","https://github.com/Sparkies01/mlbb-intro/releases/download/v4.1.3-images/365_image.jpg","https://github.com/Sparkies01/mlbb-intro/releases/download/v4.1.3/365_ECA.X.MLBB.SERBA.PINX.zip","https://github.com/Sparkies01/mlbb-intro/releases/download/v4.1.3-previews/365_preview.mp4","","14640","18849","8412"
"364","🔥RAIDEN SHOGUN RYOIKI TENKAI","GAME","https://github.com/Sparkies01/mlbb-intro/releases/download/v4.1.3-images/364_image.jpg","https://github.com/Sparkies01/mlbb-intro/releases/download/v4.1.3/364_RAIDEN.SHOGUN.RYOIKI.TENKAI.zip","https://github.com/Sparkies01/mlbb-intro/releases/download/v4.1.3-previews/364_preview.mp4","mode_publick","11370","16424","7487"
"363","🔥NOTRISA COMEBACK CUY","TIKTOK","https://github.com/Sparkies01/mlbb-intro/releases/download/v4.1.3-images/363_image.jpg","https://github.com/Sparkies01/mlbb-intro/releases/download/v4.1.3/363_NOTRISA.COMEBACK.CUY.zip","https://github.com/Sparkies01/mlbb-intro/releases/download/v4.1.3-previews/363_preview.mp4","","6056","7216","3058"
"362","🌀 MY FUJI BALLOON HAS FIVE DOORS","TIKTOK","https://github.com/Sparkies01/mlbb-intro/releases/download/v4.1.3-images/362_image.jpg","https://github.com/Sparkies01/mlbb-intro/releases/download/v4.1.3/362_KA.FUJI.BALONKU.ADA.LIMA.DOOR.zip","https://github.com/Sparkies01/mlbb-intro/releases/download/v4.1.3-previews/362_preview.mp4","","6110","8334","2341"
"361","I'M STUCK SO MUCH!!!","TIKTOK","https://github.com/Sparkies01/mlbb-intro/releases/download/v4.1.3-images/361_image.png","https://github.com/Sparkies01/mlbb-intro/releases/download/v4.1.3/361_TERCEGIL.CEGIL.SEKALI.zip","https://github.com/Sparkies01/mlbb-intro/releases/download/v4.1.3-previews/361_preview.mp4","","14619","15062","6375"
"360","☂️KOBO","TIKTOK","https://github.com/Sparkies01/mlbb-intro/releases/download/v4.1.3-images/360_image.jpg","https://github.com/Sparkies01/mlbb-intro/releases/download/v4.1.3/360_KOBO.X.TOKPED.MASIH.TERNGIANG.NGIANG.GW.zip","https://github.com/Sparkies01/mlbb-intro/releases/download/v4.1.3-previews/360_preview.mp4","","12018","9526","6157"
"359","💦 BLONDE TOYA IS DIFFERENT","TIKTOK","https://github.com/Sparkies01/mlbb-intro/releases/download/v4.1.3-images/359_image.jpg","https://github.com/Sparkies01/mlbb-intro/releases/download/v4.1.3/359_TOYA.PIRANG.EMANG.BEDA.YA.zip","https://github.com/Sparkies01/mlbb-intro/releases/download/v4.1.3-previews/359_preview.mp4","","35898","25320","18343"
"358","🔥JUJUTSU KAISEN BESTO FRENDO","ANIME","https://github.com/Sparkies01/mlbb-intro/releases/download/v4.1.3-images/358_image.jpg","https://github.com/Sparkies01/mlbb-intro/releases/download/v4.1.3/358_JUJUTSU.KAISEN.BESTO.FRENDO.zip","https://github.com/Sparkies01/mlbb-intro/releases/download/v4.1.3-previews/358_preview.mp4","","45033","50283","36386"
"357","🔥ASHEL JKT48 MUACH MUACH","TIKTOK","https://github.com/Sparkies01/mlbb-intro/releases/download/v4.1.3-images/357_image.jpg","https://github.com/Sparkies01/mlbb-intro/releases/download/v4.1.3/357_ASHEL.JKT48.MUACH.MUACH.zip","https://github.com/Sparkies01/mlbb-intro/releases/download/v4.1.3-previews/357_preview.mp4","","8740","11250","4045"
"356","🔥GABAGTHA FULL HD X MLBB","TIKTOK","https://github.com/Sparkies01/mlbb-intro/releases/download/v4.1.3-images/356_image.png","https://github.com/Sparkies01/mlbb-intro/releases/download/v4.1.3/356_GABAGTHA.FULL.HD.X.MLBB.zip","https://github.com/Sparkies01/mlbb-intro/releases/download/v4.1.3-previews/356_preview.mp4","","27937","27804","13572"
"355","🔥IS SYMMETRICAL PUH - FREYAJKT48","TIKTOK","https://github.com/Sparkies01/mlbb-intro/releases/download/v4.1.3-images/355_image.png","https://github.com/Sparkies01/mlbb-intro/releases/download/v4.1.3/355_SIMETRISNYA.PUH.-.FREYAJKT48.zip","https://github.com/Sparkies01/mlbb-intro/releases/download/v4.1.3-previews/355_preview.mp4","","35044","25145","20363"
"354","🔥MLBB X SYARIFAH VIRAL DREAM WHO IS THIS","TIKTOK","https://github.com/Sparkies01/mlbb-intro/releases/download/v4.1.3-images/354_image.png","https://github.com/Sparkies01/mlbb-intro/releases/download/v4.1.3/354_MLBB.X.SYARIFAH.VIRAL.IDAMAN.SIAPA.NI.zip","https://github.com/Sparkies01/mlbb-intro/releases/download/v4.1.3-previews/354_preview.mp4","","17312","13853","6366"
"353","🔥JUJUTSU KAISEN BADDAS TERBARU","ANIME","https://github.com/Sparkies01/mlbb-intro/releases/download/v4.1.3-images/353_image.jpg","https://github.com/Sparkies01/mlbb-intro/releases/download/v4.1.3/353_JUJUTSU.KAISEN.BADDAS.TERBARU.zip","https://github.com/Sparkies01/mlbb-intro/releases/download/v4.1.3-previews/353_preview.mp4","","35369","75774","25146"
"352","🔥AOT FINAL SEASON (THE END)","ANIME","https://github.com/Sparkies01/mlbb-intro/releases/download/v4.1.3-images/352_image.jpg","https://github.com/Sparkies01/mlbb-intro/releases/download/v4.1.3/352_AOT.FINAL.SEASON.THE.END.zip","https://github.com/Sparkies01/mlbb-intro/releases/download/v4.1.3-previews/352_preview.mp4","","32421","43128","22199"
"351","🔥I'M BETTING JJ AGAIN","TIKTOK","https://github.com/Sparkies01/mlbb-intro/releases/download/v4.1.3-images/351_image.jpg","https://github.com/Sparkies01/mlbb-intro/releases/download/v4.1.3/351_AKU.LAGI.BETE.JJ.DULU.YAKAN.zip","https://github.com/Sparkies01/mlbb-intro/releases/download/v4.1.3-previews/351_preview.mp4","","37536","20998","10335"
"350","🔥KAGURABACHI X MLBB","ANIME","https://github.com/Sparkies01/mlbb-intro/releases/download/v4.1.3-images/350_image.jpg","https://github.com/Sparkies01/mlbb-intro/releases/download/v4.1.3/350_KAGURABACHI.X.MLBB.zip","https://github.com/Sparkies01/mlbb-intro/releases/download/v4.1.3-previews/350_preview.mp4","","20773","28588","12479"
"349","🔥MARSHAJKT48 X TICKETS","TIKTOK","https://github.com/Sparkies01/mlbb-intro/releases/download/v4.1.3-images/349_image.jpg","https://github.com/Sparkies01/mlbb-intro/releases/download/v4.1.3/349_MARSHAJKT48.X.TIKTOK.zip","https://github.com/Sparkies01/mlbb-intro/releases/download/v4.1.3-previews/349_preview.mp4","","48017","31617","14841"
"348","🔥GET DOUIN AND BROMO VIRAL","TIKTOK","https://github.com/Sparkies01/mlbb-intro/releases/download/v4.1.3-images/348_image.jpg","https://github.com/Sparkies01/mlbb-intro/releases/download/v4.1.3/348_DOUYIN.KE.BROMO.VIRAL.CUY.zip","https://github.com/Sparkies01/mlbb-intro/releases/download/v4.1.3-previews/348_preview.mp4","","16344","16265","2166"
"347","⚡COSPLAY MIKASA IS HOT WE ACTUALLY DON'T WANT IT","TIKTOK","https://github.com/Sparkies01/mlbb-intro/releases/download/v4.1.3-images/347_image.jpg","https://github.com/Sparkies01/mlbb-intro/releases/download/v4.1.3/347_COSPLAY.MIKASA.PANAS.SEBENERNYA.GK.MAU.WE.zip","https://github.com/Sparkies01/mlbb-intro/releases/download/v4.1.3-previews/347_preview.mp4","","39331","41915","7235"
"346","⚡SHIGURE UI","HD_4K","https://github.com/Sparkies01/mlbb-intro/releases/download/v4.1.3-images/346_image.jpg","https://github.com/Sparkies01/mlbb-intro/releases/download/v4.1.3/346_SHIGURE.UI.X.MLBB.LUCU.BANGET.SIH.zip","https://github.com/Sparkies01/mlbb-intro/releases/download/v4.1.3-previews/346_preview.mp4","","40969","32740","13110"
"345","⚡RHMA NIA11 X MLBB AGA TELAT SLURRRR","TIKTOK","https://github.com/Sparkies01/mlbb-intro/releases/download/v4.1.3-images/345_image.jpg","https://github.com/Sparkies01/mlbb-intro/releases/download/v4.1.3/345_RHMA.NIA11.X.MLBB.AGA.TELAT.SLURRRR.zip","https://github.com/Sparkies01/mlbb-intro/releases/download/v4.1.3-previews/345_preview.mp4","","43192","29319","3241"
"344","🔥GOJO'S VIRAL COSPLAY SHOCKED","TIKTOK","https://github.com/Sparkies01/mlbb-intro/releases/download/v4.1.3-images/344_image.jpg","https://github.com/Sparkies01/mlbb-intro/releases/download/v4.1.3/344_COSPLAY.GOJO.VIRAL.DIBIKIN.KAGET.zip","https://github.com/Sparkies01/mlbb-intro/releases/download/v4.1.3-previews/344_preview.mp4","","34811","18303","4694"
"343","🔥JUJUSTU KAISEN SHIBUYA NEWEST ARC ANJAI NEW CHALLENGE","ANIME","https://github.com/Sparkies01/mlbb-intro/releases/download/v4.1.3-images/343_image.jpg","https://github.com/Sparkies01/mlbb-intro/releases/download/v4.1.3/343_JUJUSTU.KAISEN.SHIBUYA.ARC.TERBARU.ANJAI.TANTANGAN.BARU.NI.zip","https://github.com/Sparkies01/mlbb-intro/releases/download/v4.1.3-previews/343_preview.mp4","","70425","65255","29138"
"342","🔥RATUMOON X MLBB AGAIN NO COUNTERRR","TIKTOK","https://github.com/Sparkies01/mlbb-intro/releases/download/v4.1.3-images/342_image.jpg","https://github.com/Sparkies01/mlbb-intro/releases/download/v4.1.3/342_RATUMOON.X.MLBB.LAGI.LAGI.NO.COUNTERRR.zip","https://github.com/Sparkies01/mlbb-intro/releases/download/v4.1.3-previews/342_preview.mp4","","64223","35397","9663"
"341","🔥FREZEE X MLBB LEFT AUGUST 17 MADE NAGIH","TIKTOK","https://github.com/Sparkies01/mlbb-intro/releases/download/v4.1.3-images/341_image.jpg","https://github.com/Sparkies01/mlbb-intro/releases/download/v4.1.3/341_FREZEE.X.MLBB.SISA.17.AGUSTUSAN.DIBIKIN.NAGIH.zip","https://github.com/Sparkies01/mlbb-intro/releases/download/v4.1.3-previews/341_preview.mp4","","44846","30765","6439"
"340","🔥ML X ONEPIECE GEAR FIVE VERSION 2","ANIME","https://github.com/Sparkies01/mlbb-intro/releases/download/v4.1.3-images/340_image.jpg","https://github.com/Sparkies01/mlbb-intro/releases/download/v4.1.3/340_ML.X.ONEPIECE.GEAR.FIVE.VERSI.2.zip","https://github.com/Sparkies01/mlbb-intro/releases/download/v4.1.3-previews/340_preview.mp4","","149510","117018","56518"
"339","🔥ML X GEAR FIVE (ONE PIECE)","ANIME","https://github.com/Sparkies01/mlbb-intro/releases/download/v4.1.3-images/339_image.jpg","https://github.com/Sparkies01/mlbb-intro/releases/download/v4.1.3/339_ML.X.GEAR.FIVE.ONE.PIECE.zip","https://github.com/Sparkies01/mlbb-intro/releases/download/v4.1.3-previews/339_preview.mp4","","104827","82398","24177"
"338","🔥HAERIN","TIKTOK","https://github.com/Sparkies01/mlbb-intro/releases/download/v4.1.3-images/338_image.jpg","https://github.com/Sparkies01/mlbb-intro/releases/download/v4.1.3/338_HAERIN.X.MLBB.GILE.CAKEP.BENR.NI.TOLONG.zip","https://github.com/Sparkies01/mlbb-intro/releases/download/v4.1.3-previews/338_preview.mp4","","31714","43010","1801"
"337","🔥ML X CHRISTY JKT 48 USHHHH SO CUTE","TIKTOK","https://github.com/Sparkies01/mlbb-intro/releases/download/v4.1.3-images/337_image.jpg","https://github.com/Sparkies01/mlbb-intro/releases/download/v4.1.3/337_ML.X.CHRISTY.JKT.48.USHHHH.IMUT.SEKALI.zip","https://github.com/Sparkies01/mlbb-intro/releases/download/v4.1.3-previews/337_preview.mp4","","108928","72110","31904"
"336","🔥REALLY CRYSTAL SOUND - MLBB X JDM MAZDA RX7","TIKTOK","https://github.com/Sparkies01/mlbb-intro/releases/download/v4.1.3-images/336_image.jpg","https://github.com/Sparkies01/mlbb-intro/releases/download/v4.1.3/336_RENYAH.BNGT.SUARANYA.-.MLBB.X.JDM.MAZDA.RX7.zip","https://github.com/Sparkies01/mlbb-intro/releases/download/v4.1.3-previews/336_preview.mp4","","96469","63274","17680"
"335","🔥THE LATEST JUJUTSU KAISEN S2 IS FINALLY RELEASED ON GOJO","ANIME","https://github.com/Sparkies01/mlbb-intro/releases/download/v4.1.3-images/335_image.jpg","https://github.com/Sparkies01/mlbb-intro/releases/download/v4.1.3/335_JUJUTSU.KAISEN.S2.TERBARU.AKHIRNYA.RILIS.JUGA.GOJO.zip","https://github.com/Sparkies01/mlbb-intro/releases/download/v4.1.3-previews/335_preview.mp4","","188400","132365","69959"
"334","🔥EEH JATOH DEH - TWINS UNA","TIKTOK","https://github.com/Sparkies01/mlbb-intro/releases/download/v4.1.3-images/334_image.jpg","https://github.com/Sparkies01/mlbb-intro/releases/download/v4.1.3/334_EEH.JATOH.DEH.-.KEMBARAN.UNA.zip","https://github.com/Sparkies01/mlbb-intro/releases/download/v4.1.3-previews/334_preview.mp4","","83481","63430","11858"
"333","🔥ML X KIMETSU NO YAIBA NEZUKO EPS 11 BIKIN MEWEK","ANIME","https://github.com/Sparkies01/mlbb-intro/releases/download/v4.1.3-images/333_image.jpg","https://github.com/Sparkies01/mlbb-intro/releases/download/v4.1.3/333_ML.X.KIMETSU.NO.YAIBA.NEZUKO.EPS.11.BIKIN.MEWEK.zip","https://github.com/Sparkies01/mlbb-intro/releases/download/v4.1.3-previews/333_preview.mp4","","52191","41259","6748"
"332","🔥 THIS ML X BLACK CLOVER V2 IS COOL","ANIME","https://github.com/Sparkies01/mlbb-intro/releases/download/v4.1.3-images/332_image.jpg","https://github.com/Sparkies01/mlbb-intro/releases/download/v4.1.3/332_ML.X.BLACK.CLOVER.V2.ININIH.YANG.KERENMAH.zip","https://github.com/Sparkies01/mlbb-intro/releases/download/v4.1.3-previews/332_preview.mp4","","45106","34608","7680"
"331","🔥BLACK CLOVER: SWORD OF THE WIZARD KING (2023)","ANIME","https://github.com/Sparkies01/mlbb-intro/releases/download/v4.1.3-images/331_image.jpg","https://github.com/Sparkies01/mlbb-intro/releases/download/v4.1.3/331_BLACK.CLOVER_.SWORD.OF.THE.WIZARD.KING.2023.zip","https://github.com/Sparkies01/mlbb-intro/releases/download/v4.1.3-previews/331_preview.mp4","","58011","41843","4586"
"330","🔥ML","TIKTOK","https://github.com/Sparkies01/mlbb-intro/releases/download/v4.1.3-images/330_image.jpg","https://github.com/Sparkies01/mlbb-intro/releases/download/v4.1.3/330_ML.X.ZEE.JKT48.NGE.ZEE.DULU.GAK.SIH.DI.PANTAI.zip","https://github.com/Sparkies01/mlbb-intro/releases/download/v4.1.3-previews/330_preview.mp4","","39175","37485","5729"
"329","🔥 MLBB X TRANSFORMERS RISE OF THE BEASTS V2","HD_4K","https://github.com/Sparkies01/mlbb-intro/releases/download/v4.1.3-images/329_image.jpg","https://github.com/Sparkies01/mlbb-intro/releases/download/v4.1.3/329_MLBB.X.TRANSFORMERS.RISE.OF.THE.BEASTS.V2.zip","https://github.com/Sparkies01/mlbb-intro/releases/download/v4.1.3-previews/329_preview.mp4","","66761","43672","8025"
"328","🔥ML X TRANSFORMERS RISE OF THE BEASTS","HD_4K","https://github.com/Sparkies01/mlbb-intro/releases/download/v4.1.3-images/328_image.jpg","https://github.com/Sparkies01/mlbb-intro/releases/download/v4.1.3/328_ML.X.TRANSFORMERS.RISE.OF.THE.BEASTS.zip","https://github.com/Sparkies01/mlbb-intro/releases/download/v4.1.3-previews/328_preview.mp4","","38391","20817","4200"
"327","🔥 LISA BLACKPINK X LUNOX CAN BE SIMILAR TO THAT, OK?","HERO","https://github.com/Sparkies01/mlbb-intro/releases/download/v4.1.3-images/327_image.jpg","https://github.com/Sparkies01/mlbb-intro/releases/download/v4.1.3/327_LISA.BLACKPINK.X.LUNOX.LAH.BISA.MIRIP.GITU.YAK.zip","https://github.com/Sparkies01/mlbb-intro/releases/download/v4.1.3-previews/327_preview.mp4","","15634","18830","4642"
"326","🔥 LISA","TIKTOK","https://github.com/Sparkies01/mlbb-intro/releases/download/v4.1.3-images/327_image.jpg","https://github.com/Sparkies01/mlbb-intro/releases/download/v4.1.3/327_LISA.BLACKPINK.X.LUNOX.LAH.BISA.MIRIP.GITU.YAK.zip","https://github.com/Sparkies01/mlbb-intro/releases/download/v4.1.3-previews/327_preview.mp4","","15339","10326","351"
"325","🔥AJOJING ALA ALA AJOJING TUTURURUT","TIKTOK","https://github.com/Sparkies01/mlbb-intro/releases/download/v4.1.3-images/325_image.jpg","https://github.com/Sparkies01/mlbb-intro/releases/download/v4.1.3/325_AJOJING.ALA.ALA.AJOJING.TUTURURUT.zip","https://github.com/Sparkies01/mlbb-intro/releases/download/v4.1.3-previews/325_preview.mp4","","92110","57172","7914"
"324","🔥VIRAL REBECCA KLOPPER X MLBB OW THIS ONE","TIKTOK","https://github.com/Sparkies01/mlbb-intro/releases/download/v4.1.3-images/324_image.jpg","https://github.com/Sparkies01/mlbb-intro/releases/download/v4.1.3/324_VIRAL.REBECCA.KLOPPER.X.MLBB.OW.YANG.INI.YA.zip","https://github.com/Sparkies01/mlbb-intro/releases/download/v4.1.3-previews/324_preview.mp4","","13089","14885","274"
"323","🔥 ADDICTED TO THE VOICE OF DIBO AWKAKWAK","SPORT","https://github.com/Sparkies01/mlbb-intro/releases/download/v4.1.3-images/323_image.jpg","https://github.com/Sparkies01/mlbb-intro/releases/download/v4.1.3/323_KECANDUAN.SUARA.DIBO.AWKAKWAK.zip","https://github.com/Sparkies01/mlbb-intro/releases/download/v4.1.3-previews/323_preview.mp4","","78556","52317","3770"
"322","🔥TIUMAH X MLBB Wow NEW Rivals","SPORT","https://github.com/Sparkies01/mlbb-intro/releases/download/v4.1.3-images/322_image.jpg","https://github.com/Sparkies01/mlbb-intro/releases/download/v4.1.3/322_TIUMAH.X.MLBB.WAH.SAINGAN.BARU.NIH.zip","https://github.com/Sparkies01/mlbb-intro/releases/download/v4.1.3-previews/322_preview.mp4","","27434","22120","779"
"321","🔥 DIBO","SPORT","https://github.com/Sparkies01/mlbb-intro/releases/download/v4.1.3-images/321_image.jpg","https://github.com/Sparkies01/mlbb-intro/releases/download/v4.1.3/321_DIBO.X.MLBB.DIBIKIN.PENASARAN.AMA.SI.DIA.zip","https://github.com/Sparkies01/mlbb-intro/releases/download/v4.1.3-previews/321_preview.mp4","","156391","69909","14964"
"320","🔥 KIMETSU NO YAIBA S3 WAS HIS FATHER'S INFECTION","HD_4K","https://github.com/Sparkies01/mlbb-intro/releases/download/v4.1.3-images/320_image.jpg","https://github.com/Sparkies01/mlbb-intro/releases/download/v4.1.3/320_KIMETSU.NO.YAIBA.S3.TITISAN.BAPAKNYA.NIH.zip","https://github.com/Sparkies01/mlbb-intro/releases/download/v4.1.3-previews/320_preview.mp4","","48150","35039","6968"
"319","🔥DEMON SLAYER S3 SWORDSMITCH VILLAGE ARC EXTREMELY COOL","ANIME","https://github.com/Sparkies01/mlbb-intro/releases/download/v4.1.3-images/319_image.jpg","https://github.com/Sparkies01/mlbb-intro/releases/download/v4.1.3/320_KIMETSU.NO.YAIBA.S3.TITISAN.BAPAKNYA.NIH.zip","https://github.com/Sparkies01/mlbb-intro/releases/download/v4.1.3-previews/320_preview.mp4","","204336","108425","57479"
"318","🔥FREYA JKT48 HAS A CUTE CARAMEL SMILE LOH","TIKTOK","https://github.com/Sparkies01/mlbb-intro/releases/download/v4.1.3-images/318_image.jpg","https://github.com/Sparkies01/mlbb-intro/releases/download/v4.1.3/318_FREYA.JKT48.SENYUMAN.IMUT.KARAMELNYA.ITU.LOH.zip","https://github.com/Sparkies01/mlbb-intro/releases/download/v4.1.3-previews/318_preview.mp4","","237963","154973","78563"
"317","🔥AI COSPLAY OPEN LIKE COSPLAY","TIKTOK","https://github.com/Sparkies01/mlbb-intro/releases/download/v4.1.3-images/317_image.jpg","https://github.com/Sparkies01/mlbb-intro/releases/download/v4.1.3/317_AI.COSPLAY.BUKAN.SEMBARANG.COSPLAY.zip","https://github.com/Sparkies01/mlbb-intro/releases/download/v4.1.3-previews/317_preview.mp4","","76016","40137","3239"
"316","🔥I KNOW THAT HE WAS MADE ADDICTED TO OPIUM","TIKTOK","https://github.com/Sparkies01/mlbb-intro/releases/download/v4.1.3-images/316_image.jpg","https://github.com/Sparkies01/mlbb-intro/releases/download/v4.1.3/316_KAYA.KENAL.DIA.DIBIKIN.TERCANDU.CANDU.zip","https://github.com/Sparkies01/mlbb-intro/releases/download/v4.1.3-previews/316_preview.mp4","","29109","49921","830"
"315","🔥 EID ML VERSION APOLOGIZE FROM BOTH AND HEART","TIKTOK","https://github.com/Sparkies01/mlbb-intro/releases/download/v4.1.3-images/315_image.jpg","https://github.com/Sparkies01/mlbb-intro/releases/download/v4.1.3/315_LEBARAN.VERSI.ML.MOHON.MAAF.LAHIR.BATIN.zip","https://github.com/Sparkies01/mlbb-intro/releases/download/v4.1.3-previews/315_preview.mp4","","29949","73915","1398"
"314","🔥OSHI NO KO X ML SAD PROLOGUE","ANIME","https://github.com/Sparkies01/mlbb-intro/releases/download/v4.1.3-images/314_image.jpg","https://github.com/Sparkies01/mlbb-intro/releases/download/v4.1.3/314_OSHI.NO.KO.X.ML.PROLOG.YANG.SAD.zip","https://github.com/Sparkies01/mlbb-intro/releases/download/v4.1.3-previews/314_preview.mp4","","62885","36326","4937"
"313","🔥EVOS DONKEY IS AWESOME","SPORT","https://github.com/Sparkies01/mlbb-intro/releases/download/v4.1.3-images/313_image.jpg","https://github.com/Sparkies01/mlbb-intro/releases/download/v4.1.3/313_EVOS.DONKEY.MENGKECE.zip","https://github.com/Sparkies01/mlbb-intro/releases/download/v4.1.3-previews/313_preview.mp4","","22667","14304","1340"
"312","🔥MIRROR REALLY NEVER LIE YE !!! TIKTOK","TIKTOK","https://github.com/Sparkies01/mlbb-intro/releases/download/v4.1.3-images/312_image.jpg","https://github.com/Sparkies01/mlbb-intro/releases/download/v4.1.3/312_CERMIN.EMNG.GK.PERNAH.BOONG.YE.TIKTOK.zip","https://github.com/Sparkies01/mlbb-intro/releases/download/v4.1.3-previews/312_preview.mp4","","43873","37851","1778"
"311","🔥ML X TIKTOK OPENS WITH SWEETS, YES","TIKTOK","https://github.com/Sparkies01/mlbb-intro/releases/download/v4.1.3-images/311_image.jpg","https://github.com/Sparkies01/mlbb-intro/releases/download/v4.1.3/311_ML.X.TIKTOK.BERBUKA.DENGAN.YANG.MANIS.YAKAN.zip","https://github.com/Sparkies01/mlbb-intro/releases/download/v4.1.3-previews/311_preview.mp4","","72358","52919","4251"
"310","🔥DEMON SLAYER NEW STYLE","ANIME","https://github.com/Sparkies01/mlbb-intro/releases/download/v4.1.3-images/310_image.jpg","https://github.com/Sparkies01/mlbb-intro/releases/download/v4.1.3/310_DEMON.SLAYER.NEW.STYLE.zip","https://github.com/Sparkies01/mlbb-intro/releases/download/v4.1.3-previews/310_preview.mp4","","103562","78399","16242"
"309","🔥BORUTO","ANIME","https://github.com/Sparkies01/mlbb-intro/releases/download/v4.1.3-images/309_image.jpg","https://github.com/Sparkies01/mlbb-intro/releases/download/v4.1.3/309_BORUTO.X.KAWAKI.LAST.EPS.MENGKECE.zip","https://github.com/Sparkies01/mlbb-intro/releases/download/v4.1.3-previews/309_preview.mp4","","95042","80858","12921"
"308","🔥TENSURA SLIME THE MOVIE","ANIME","https://github.com/Sparkies01/mlbb-intro/releases/download/v4.1.3-images/308_image.jpg","https://github.com/Sparkies01/mlbb-intro/releases/download/v4.1.3/308_TENSURA.SLIME.THE.MOVIE.zip","https://github.com/Sparkies01/mlbb-intro/releases/download/v4.1.3-previews/308_preview.mp4","","13963","11711","1241"
"307","🔥BORUTO VS KAWAKI BEST BATTLE HD","HD_4K","https://github.com/Sparkies01/mlbb-intro/releases/download/v4.1.3-images/307_image.jpg","https://github.com/Sparkies01/mlbb-intro/releases/download/v4.1.3/307_BORUTO.VS.KAWAKI.BEST.BATTLE.HD.zip","https://github.com/Sparkies01/mlbb-intro/releases/download/v4.1.3-previews/307_preview.mp4","","40035","26783","7659"
"306","🔥BORUTO VS KAWAKI BEST BATTLE","ANIME","https://github.com/Sparkies01/mlbb-intro/releases/download/v4.1.3-images/306_image.jpg","https://github.com/Sparkies01/mlbb-intro/releases/download/v4.1.3/307_BORUTO.VS.KAWAKI.BEST.BATTLE.HD.zip","https://github.com/Sparkies01/mlbb-intro/releases/download/v4.1.3-previews/307_preview.mp4","","106606","54552","19976"
"305","🔥HOT BABY METAL X MLBB TIKTOK","TIKTOK","https://github.com/Sparkies01/mlbb-intro/releases/download/v4.1.3-images/305_image.jpg","https://github.com/Sparkies01/mlbb-intro/releases/download/v4.1.3/305_HOT.BABY.METAL.X.MLBB.TIKTOK.zip","https://github.com/Sparkies01/mlbb-intro/releases/download/v4.1.3-previews/305_preview.mp4","","59260","30302","1648"
"304","MIX OF ANDINI X NISSA SABYAN TIARA SHOLAWAT VERSION","TIKTOK","https://github.com/Sparkies01/mlbb-intro/releases/download/v4.1.3-images/304_image.jpg","https://github.com/Sparkies01/mlbb-intro/releases/download/v4.1.3/304_CAMPURAN.TIARA.ANDINI.X.NISSA.SABYAN.VERSI.SHOLAWAT.zip","https://github.com/Sparkies01/mlbb-intro/releases/download/v4.1.3-previews/304_preview.mp4","","23149","17926","889"
"303","NEW🔥 MLBB X MITA TIKTOK","TIKTOK","https://github.com/Sparkies01/mlbb-intro/releases/download/v4.1.3-images/303_image.jpg","https://github.com/Sparkies01/mlbb-intro/releases/download/v4.1.3/303_NEW.MLBB.X.MITA.TIKTOK.zip","https://github.com/Sparkies01/mlbb-intro/releases/download/v4.1.3-previews/303_preview.mp4","","127131","58009","28878"
"302","🔥ATTACK ON TITAN HANGE SHINZOU SASAGEO","ANIME","https://github.com/Sparkies01/mlbb-intro/releases/download/v4.1.3-images/302_image.jpg","https://github.com/Sparkies01/mlbb-intro/releases/download/v4.1.3/302_ATTACK.ON.TITAN.HANGE.SHINZOU.SASAGEO.zip","https://github.com/Sparkies01/mlbb-intro/releases/download/v4.1.3-previews/302_preview.mp4","","15470","10350","2153"
"301","INTRO HOURS MLBB","GAME","https://github.com/Sparkies01/mlbb-intro/releases/download/v4.1.3-images/301_image.png","https://github.com/Sparkies01/mlbb-intro/releases/download/v4.1.3/301_INTRO.ORI.MLBB.zip","https://github.com/Sparkies01/mlbb-intro/releases/download/v4.1.3-previews/301_preview.mp4","","19408","94268","4113"
"300","🔥TREND TIKTOK VONZY X SHERYL","TIKTOK","https://github.com/Sparkies01/mlbb-intro/releases/download/v4.1.3-images/300_image.jpg","https://github.com/Sparkies01/mlbb-intro/releases/download/v4.1.3/300_TREND.TIKTOK.VONZY.X.SHERYL.zip","https://github.com/Sparkies01/mlbb-intro/releases/download/v4.1.3-previews/300_preview.mp4","","76440","50908","5448"
"299","VONZY X SHERYL ONIC E-SPORT","SPORT","https://github.com/Sparkies01/mlbb-intro/releases/download/v4.1.3-images/300_image.jpg","https://github.com/Sparkies01/mlbb-intro/releases/download/v4.1.3/300_TREND.TIKTOK.VONZY.X.SHERYL.zip","https://github.com/Sparkies01/mlbb-intro/releases/download/v4.1.3-previews/300_preview.mp4","","41358","34416","3540"
"298","BEST BUGIS GIRL FYP🔥","TIKTOK","https://github.com/Sparkies01/mlbb-intro/releases/download/v4.1.3-images/298_image.jpg","https://github.com/Sparkies01/mlbb-intro/releases/download/v4.1.3/298_FYP.CEWEK.BUGIS.TERBAIK.zip","https://github.com/Sparkies01/mlbb-intro/releases/download/v4.1.3-previews/298_preview.mp4","","23331","15057","1016"
"297","VIRAL NICH🔥 WAVE HIJAB WAVE AVAILABLE","TIKTOK","https://github.com/Sparkies01/mlbb-intro/releases/download/v4.1.3-images/297_image.jpg","https://github.com/Sparkies01/mlbb-intro/releases/download/v4.1.3/297_VIRAL.NICH.GELENG.GELENG.HIJAB.ENAKEUN.zip","https://github.com/Sparkies01/mlbb-intro/releases/download/v4.1.3-previews/297_preview.mp4","","129016","47263","19057"
"296","SO BEAUTIFUL, CRAZY SYMMETRICAL FACE VIRAL TIKTOK🔥","TIKTOK","https://github.com/Sparkies01/mlbb-intro/releases/download/v4.1.3-images/296_image.jpg","https://github.com/Sparkies01/mlbb-intro/releases/download/v4.1.3/296_CANTIK.BNGT.GILE.MUKA.SIMETRIS.VIRAL.TIKTOK.zip","https://github.com/Sparkies01/mlbb-intro/releases/download/v4.1.3-previews/296_preview.mp4","mode_publick","321156","145120","132386"
"295","THE PROFIT OF STRONG FAITH VIRAL TIKTOK🔥","TIKTOK","https://github.com/Sparkies01/mlbb-intro/releases/download/v4.1.3-images/295_image.jpg","https://github.com/Sparkies01/mlbb-intro/releases/download/v4.1.3/295_UNTUNG.KUAT.IMAN.VIRAL.TIKTOK.zip","https://github.com/Sparkies01/mlbb-intro/releases/download/v4.1.3-previews/295_preview.mp4","","69726","24903","7135"
"294","BOCCHI IS REAL KAWAII🔥","TIKTOK","https://github.com/Sparkies01/mlbb-intro/releases/download/v4.1.3-images/294_image.jpg","https://github.com/Sparkies01/mlbb-intro/releases/download/v4.1.3/294_BOCCHI.IS.REAL.KAWAII.zip","https://github.com/Sparkies01/mlbb-intro/releases/download/v4.1.3-previews/294_preview.mp4","","16336","13105","902"
"293","DJ WIRO SABLENK ROUND BUT NOT DETERMINED🔥","TIKTOK","https://github.com/Sparkies01/mlbb-intro/releases/download/v4.1.3-images/293_image.png","https://github.com/Sparkies01/mlbb-intro/releases/download/v4.1.3/293_DJ.WIRO.SABLENK.BULAT.TAPI.BUKAN.TEKAD.zip","https://github.com/Sparkies01/mlbb-intro/releases/download/v4.1.3-previews/293_preview.mp4","","46103","22348","1003"
"292","VIRAL TIKTOK AIYA SUSANTI AND MEI MEI🔥","TIKTOK","https://github.com/Sparkies01/mlbb-intro/releases/download/v4.1.3-images/292_image.jpg","https://github.com/Sparkies01/mlbb-intro/releases/download/v4.1.3/292_VIRAL.TIKTOK.AIYA.SUSANTI.DAN.MEI.MEI.zip","https://github.com/Sparkies01/mlbb-intro/releases/download/v4.1.3-previews/292_preview.mp4","","74518","17222","4960"
"291","LOADING ML FAISA FCH DREAM BEEF 🔥","TIKTOK","https://github.com/Sparkies01/mlbb-intro/releases/download/v4.1.3-images/291_image.jpg","https://github.com/Sparkies01/mlbb-intro/releases/download/v4.1.3/291_LOADING.ML.FAISA.FCH.SAPI.IDAMAN.zip","https://github.com/Sparkies01/mlbb-intro/releases/download/v4.1.3-previews/291_preview.mp4","","19144","16039","1052"
"290","XIAO X MLBB GENSHIN IMPACT GREEN","GAME","https://github.com/Sparkies01/mlbb-intro/releases/download/v4.1.3-images/290_image.jpg","https://github.com/Sparkies01/mlbb-intro/releases/download/v4.1.3/290_XIAO.X.MLBB.GENSHIN.IMPACT.GREEN.zip","https://github.com/Sparkies01/mlbb-intro/releases/download/v4.1.3-previews/290_preview.mp4","","17730","28087","4127"
"288","MLBB X ONIC GIRL E-SPORT","SPORT","https://github.com/Sparkies01/mlbb-intro/releases/download/v4.1.3-images/288_image.jpg","https://github.com/Sparkies01/mlbb-intro/releases/download/v4.1.3/288_MLBB.X.ONIC.GIRL.E-SPORT.zip","https://github.com/Sparkies01/mlbb-intro/releases/download/v4.1.3-previews/288_preview.mp4","","77588","39150","11235"
"287","CHAT POTTE 2 X MLBB","TIKTOK","https://github.com/Sparkies01/mlbb-intro/releases/download/v4.1.3-images/287_image.jpg","https://github.com/Sparkies01/mlbb-intro/releases/download/v4.1.3/287_CHAT.POTTE.2.X.MLBB.zip","https://github.com/Sparkies01/mlbb-intro/releases/download/v4.1.3-previews/287_preview.mp4","","21372","27718","1186"
"285","TIME OF EVE ANIME NEW 4K","HD_4K","https://github.com/Sparkies01/mlbb-intro/releases/download/v4.1.3-images/285_image.jpg","https://github.com/Sparkies01/mlbb-intro/releases/download/v4.1.3/285_TIME.OF.EVE.ANIME.NEW.4K.zip","https://github.com/Sparkies01/mlbb-intro/releases/download/v4.1.3-previews/285_preview.mp4","","10356","12499","2171"
"284","TIME OF EVE ANIME NEW","ANIME","https://github.com/Sparkies01/mlbb-intro/releases/download/v4.1.3-images/284_image.jpg","https://github.com/Sparkies01/mlbb-intro/releases/download/v4.1.3/285_TIME.OF.EVE.ANIME.NEW.4K.zip","https://github.com/Sparkies01/mlbb-intro/releases/download/v4.1.3-previews/285_preview.mp4","","12356","11101","1316"
"283","MLBB X KOBENI CHAINSAW MAN","ANIME","https://github.com/Sparkies01/mlbb-intro/releases/download/v4.1.3-images/283_image.jpg","https://github.com/Sparkies01/mlbb-intro/releases/download/v4.1.3/283_MLBB.X.KOBENI.CHAINSAW.MAN.zip","https://github.com/Sparkies01/mlbb-intro/releases/download/v4.1.3-previews/283_preview.mp4","","7845","16860","577"
"282","4 ANIME X MLBB GLOW","ANIME","https://github.com/Sparkies01/mlbb-intro/releases/download/v4.1.3-images/282_image.jpg","https://github.com/Sparkies01/mlbb-intro/releases/download/v4.1.3/282_4.ANIME.X.MLBB.GLOW.zip","https://github.com/Sparkies01/mlbb-intro/releases/download/v4.1.3-previews/282_preview.mp4","","62376","43446","8277"
"281","MLBB X BEATRIX ALL SKIN M4","HERO","https://github.com/Sparkies01/mlbb-intro/releases/download/v4.1.3-images/281_image.jpg","https://github.com/Sparkies01/mlbb-intro/releases/download/v4.1.3/281_MLBB.X.BEATRIX.ALL.SKIN.M4.zip","https://github.com/Sparkies01/mlbb-intro/releases/download/v4.1.3-previews/281_preview.mp4","","47878","27435","4453"
"280","MLBB X TOKYO GHOUL NEW","ANIME","https://github.com/Sparkies01/mlbb-intro/releases/download/v4.1.3-images/280_image.jpg","https://github.com/Sparkies01/mlbb-intro/releases/download/v4.1.3/280_MLBB.X.TOKYO.GHOUL.NEW.zip","https://github.com/Sparkies01/mlbb-intro/releases/download/v4.1.3-previews/280_preview.mp4","","53408","49099","9893"
"279","MLBB X SEEU WORLD CUP 2022","TIKTOK","https://github.com/Sparkies01/mlbb-intro/releases/download/v4.1.3-images/279_image.jpg","https://github.com/Sparkies01/mlbb-intro/releases/download/v4.1.3/279_MLBB.X.SEEU.WORLD.CUP.2022.zip","https://github.com/Sparkies01/mlbb-intro/releases/download/v4.1.3-previews/279_preview.mp4","","24141","8785","1133"
"278","MLBB X NOT NOT THE BEST","TIKTOK","https://github.com/Sparkies01/mlbb-intro/releases/download/v4.1.3-images/278_image.jpg","https://github.com/Sparkies01/mlbb-intro/releases/download/v4.1.3/278_MLBB.X.NOT.NOT.THE.BEST.zip","https://github.com/Sparkies01/mlbb-intro/releases/download/v4.1.3-previews/278_preview.mp4","","51173","30635","4467"
"277","MLBB X GO TOUBUN NOHANAYOME","ANIME","https://github.com/Sparkies01/mlbb-intro/releases/download/v4.1.3-images/277_image.jpg","https://github.com/Sparkies01/mlbb-intro/releases/download/v4.1.3/277_MLBB.X.GO.TOUBUN.NOHANAYOME.zip","https://github.com/Sparkies01/mlbb-intro/releases/download/v4.1.3-previews/277_preview.mp4","","27280","17762","3033"
"276","MLBB X ROAD OF NARUTO","ANIME","https://github.com/Sparkies01/mlbb-intro/releases/download/v4.1.3-images/276_image.jpg","https://github.com/Sparkies01/mlbb-intro/releases/download/v4.1.3/276_MLBB.X.ROAD.OF.NARUTO.zip","https://github.com/Sparkies01/mlbb-intro/releases/download/v4.1.3-previews/276_preview.mp4","","68599","36967","13852"
"275","MLBB X BLEACH NEW ERA","ANIME","https://github.com/Sparkies01/mlbb-intro/releases/download/v4.1.3-images/275_image.jpg","https://github.com/Sparkies01/mlbb-intro/releases/download/v4.1.3/275_MLBB.X.BLEACH.NEW.ERA.zip","https://github.com/Sparkies01/mlbb-intro/releases/download/v4.1.3-previews/275_preview.mp4","","16235","12411","2729"
"274","MLBB X ALL ANIME IS TOO CRAZY","ANIME","https://github.com/Sparkies01/mlbb-intro/releases/download/v4.1.3-images/274_image.jpg","https://github.com/Sparkies01/mlbb-intro/releases/download/v4.1.3/274_MLBB.X.ALL.ANIME.IS.TOO.CRAZY.zip","https://github.com/Sparkies01/mlbb-intro/releases/download/v4.1.3-previews/274_preview.mp4","","161501","122973","68762"
"273","MLBB X JOY NEW HERO","HERO","https://github.com/Sparkies01/mlbb-intro/releases/download/v4.1.3-images/273_image.jpg","https://github.com/Sparkies01/mlbb-intro/releases/download/v4.1.3/273_MLBB.X.JOY.NEW.HERO.zip","https://github.com/Sparkies01/mlbb-intro/releases/download/v4.1.3-previews/273_preview.mp4","","11557","11167","2996"
"272","MLBB X DALAMO VERSE POWER TREND TIKTOK","ANIME","https://github.com/Sparkies01/mlbb-intro/releases/download/v4.1.3-images/272_image.png","https://github.com/Sparkies01/mlbb-intro/releases/download/v4.1.3/272_MLBB.X.DALAMO.VERSI.POWER.TREND.TIKTOK.zip","https://github.com/Sparkies01/mlbb-intro/releases/download/v4.1.3-previews/272_preview.mp4","","21349","34699","2515"
"271","MLBB","TIKTOK","https://github.com/Sparkies01/mlbb-intro/releases/download/v4.1.3-images/fallback_TIKTOK.png","https://github.com/Sparkies01/mlbb-intro/releases/download/v4.1.3/271_MLBB.X.DALAMO.VERSI.ELAINA.zip","https://github.com/Sparkies01/mlbb-intro/releases/download/v4.1.3-previews/271_preview.mp4","","9581","12116","1154"
"270","MLBB","ANIME","https://github.com/Sparkies01/mlbb-intro/releases/download/v4.1.3-images/fallback_ANIME.png","https://github.com/Sparkies01/mlbb-intro/releases/download/v4.1.3/271_MLBB.X.DALAMO.VERSI.ELAINA.zip","https://github.com/Sparkies01/mlbb-intro/releases/download/v4.1.3-previews/271_preview.mp4","","11101","14254","3194"
"269","ANAIMIYA X MLBB YTT ONLY TIKTOK VIRAL","TIKTOK","https://github.com/Sparkies01/mlbb-intro/releases/download/v4.1.3-images/269_image.jpg","https://github.com/Sparkies01/mlbb-intro/releases/download/v4.1.3/269_ANAIMIYA.X.MLBB.YTT.AJA.TIKTOK.VIRAL.zip","https://github.com/Sparkies01/mlbb-intro/releases/download/v4.1.3-previews/269_preview.mp4","","6466","5708","504"
"268","MLBB X SKIN LEGENDS","HERO","https://github.com/Sparkies01/mlbb-intro/releases/download/v4.1.3-images/268_image.jpg","https://github.com/Sparkies01/mlbb-intro/releases/download/v4.1.3/268_MLBB.X.SKIN.LEGENDS.zip","https://github.com/Sparkies01/mlbb-intro/releases/download/v4.1.3-previews/268_preview.mp4","","67410","37089","22297"
"267","PLEASE PICK A HERO YU ZHONG","HERO","https://github.com/Sparkies01/mlbb-intro/releases/download/v4.1.3-images/fallback_HERO.png","https://github.com/Sparkies01/mlbb-intro/releases/download/v4.1.3/267_PLEASE.PICK.A.HERO.YU.ZHONG.zip","https://github.com/Sparkies01/mlbb-intro/releases/download/v4.1.3-previews/267_preview.mp4","","15455","12617","3667"
"266","PLEASE PICK A HERO MOSKOV","HERO","https://github.com/Sparkies01/mlbb-intro/releases/download/v4.1.3-images/266_image.jpg","https://github.com/Sparkies01/mlbb-intro/releases/download/v4.1.3/266_PLEASE.PICK.A.HERO.MOSKOV.zip","https://github.com/Sparkies01/mlbb-intro/releases/download/v4.1.3-previews/266_preview.mp4","","41184","24166","10146"
"265","PLEASE PICK A HERO FANNY","HERO","https://github.com/Sparkies01/mlbb-intro/releases/download/v4.1.3-images/265_image.jpg","https://github.com/Sparkies01/mlbb-intro/releases/download/v4.1.3/265_PLEASE.PICK.A.HERO.FANNY.zip","https://github.com/Sparkies01/mlbb-intro/releases/download/v4.1.3-previews/265_preview.mp4","","30334","26752","10519"
"264","PLEASE PICK A HERO ALDOUS","HERO","https://github.com/Sparkies01/mlbb-intro/releases/download/v4.1.3-images/264_image.jpg","https://github.com/Sparkies01/mlbb-intro/releases/download/v4.1.3/264_PLEASE.PICK.A.HERO.ALDOUS.zip","https://github.com/Sparkies01/mlbb-intro/releases/download/v4.1.3-previews/264_preview.mp4","","89428","38085","23461"
"263","MLBB X NATHAN RESPUTIN","HERO","https://github.com/Sparkies01/mlbb-intro/releases/download/v4.1.3-images/263_image.jpg","https://github.com/Sparkies01/mlbb-intro/releases/download/v4.1.3/263_MLBB.X.NATAN.RESPUTIN.zip","https://github.com/Sparkies01/mlbb-intro/releases/download/v4.1.3-previews/263_preview.mp4","","6124","6478","1314"
"262","MLBB X YANFEI GENSHIN IMPACT","GAME","https://github.com/Sparkies01/mlbb-intro/releases/download/v4.1.3-images/fallback_GAME.png","https://github.com/Sparkies01/mlbb-intro/releases/download/v4.1.3/262_MLBB.X.YANFEI.GENSHIN.IMPACT.zip","https://github.com/Sparkies01/mlbb-intro/releases/download/v4.1.3-previews/262_preview.mp4","","9383","8744","3431"
"261","MLBB X TRANSFORMERS","GAME","https://github.com/Sparkies01/mlbb-intro/releases/download/v4.1.3-images/261_image.jpg","https://github.com/Sparkies01/mlbb-intro/releases/download/v4.1.3/261_MLBB.X.TRANSFORMERS.zip","https://github.com/Sparkies01/mlbb-intro/releases/download/v4.1.3-previews/261_preview.mp4","","60871","24705","16890"
"260","MLBB X SELENA S.T.U.N","HERO","https://github.com/Sparkies01/mlbb-intro/releases/download/v4.1.3-images/260_image.jpg","https://github.com/Sparkies01/mlbb-intro/releases/download/v4.1.3/260_MLBB.X.SELENA.S.T.U.N.zip","https://github.com/Sparkies01/mlbb-intro/releases/download/v4.1.3-previews/260_preview.mp4","","11479","9707","3477"
"259","MLBB X KAGURA MIGHT BE THIS SELF","HERO","https://github.com/Sparkies01/mlbb-intro/releases/download/v4.1.3-images/259_image.webp","https://github.com/Sparkies01/mlbb-intro/releases/download/v4.1.3/259_MLBB.X.KAGURA.MUNGKINKAH.DIRI.INI.zip","https://github.com/Sparkies01/mlbb-intro/releases/download/v4.1.3-previews/259_preview.mp4","","3238","4493","920"
"258","MLBB X JAWHEAD","GAME","https://github.com/Sparkies01/mlbb-intro/releases/download/v4.1.3-images/258_image.jpg","https://github.com/Sparkies01/mlbb-intro/releases/download/v4.1.3/258_MLBB.X.JAWHEAD.zip","https://github.com/Sparkies01/mlbb-intro/releases/download/v4.1.3-previews/258_preview.mp4","","10828","10371","3378"
"257","MLBB X IMMORTAL HERO M2","GAME","https://github.com/Sparkies01/mlbb-intro/releases/download/v4.1.3-images/257_image.jpg","https://github.com/Sparkies01/mlbb-intro/releases/download/v4.1.3/257_MLBB.X.IMMORTAL.HERO.M2.zip","https://github.com/Sparkies01/mlbb-intro/releases/download/v4.1.3-previews/257_preview.mp4","","7789","7393","3222"
"256","ML X HONKAI IMPACT","GAME","https://github.com/Sparkies01/mlbb-intro/releases/download/v4.1.3-images/fallback_GAME.png","https://github.com/Sparkies01/mlbb-intro/releases/download/v4.1.3/256_ML.X.HONKAI.IMPACT.zip","https://github.com/Sparkies01/mlbb-intro/releases/download/v4.1.3-previews/256_preview.mp4","","30787","6702","7733"
"255","MLBB X HAYABUSA","HERO","https://github.com/Sparkies01/mlbb-intro/releases/download/v4.1.3-images/fallback_HERO.png","https://github.com/Sparkies01/mlbb-intro/releases/download/v4.1.3/255_MLBB.X.HAYABUSA.zip","https://github.com/Sparkies01/mlbb-intro/releases/download/v4.1.3-previews/255_preview.mp4","","42567","35217","12786"
"254","MLBB X GIRL FORTLINE","GAME","https://github.com/Sparkies01/mlbb-intro/releases/download/v4.1.3-images/254_image.jpg","https://github.com/Sparkies01/mlbb-intro/releases/download/v4.1.3/254_MLBB.X.GIRL.FORTLINE.zip","https://github.com/Sparkies01/mlbb-intro/releases/download/v4.1.3-previews/254_preview.mp4","","6089","4661","2202"
"253","MLBB X ONIC E-SPORT","SPORT","https://github.com/Sparkies01/mlbb-intro/releases/download/v4.1.3-images/253_image.jpg","https://github.com/Sparkies01/mlbb-intro/releases/download/v4.1.3/253_MLBB.X.ONIC.E-SPORT.zip","https://github.com/Sparkies01/mlbb-intro/releases/download/v4.1.3-previews/253_preview.mp4","","24700","12857","7233"
"252","ML X NYA ARIGATOU","GAME","https://github.com/Sparkies01/mlbb-intro/releases/download/v4.1.3-images/fallback_GAME.png","https://github.com/Sparkies01/mlbb-intro/releases/download/v4.1.3/252_ML.X.NYA.ARIGATOU.zip","https://github.com/Sparkies01/mlbb-intro/releases/download/v4.1.3-previews/252_preview.mp4","","6199","3591","1679"
"251","MLBB X ASPIRANTS RUBY & ANGELA HD","HD_4K","https://github.com/Sparkies01/mlbb-intro/releases/download/v4.1.3-images/251_image.jpg","https://github.com/Sparkies01/mlbb-intro/releases/download/v4.1.3/251_MLBB.X.ASPIRANTS.RUBY.ANGELA.HD.zip","https://github.com/Sparkies01/mlbb-intro/releases/download/v4.1.3-previews/251_preview.mp4","","16506","12858","4025"
"250","MLBB X ASPIRANTS RUBY & ANGELA","HERO","https://github.com/Sparkies01/mlbb-intro/releases/download/v4.1.3-images/250_image.jpg","https://github.com/Sparkies01/mlbb-intro/releases/download/v4.1.3/251_MLBB.X.ASPIRANTS.RUBY.ANGELA.HD.zip","https://github.com/Sparkies01/mlbb-intro/releases/download/v4.1.3-previews/251_preview.mp4","","6537","5896","1949"
"249","INTRO ML X AOT","ANIME","https://github.com/Sparkies01/mlbb-intro/releases/download/v4.1.3-images/249_image.jpg","https://github.com/Sparkies01/mlbb-intro/releases/download/v4.1.3/249_INTRO.ML.X.AOT.zip","https://github.com/Sparkies01/mlbb-intro/releases/download/v4.1.3-previews/249_preview.3gp","","40471","105041","5019"
"248","INTRO ML X AOT","GAME","https://github.com/Sparkies01/mlbb-intro/releases/download/v4.1.3-images/249_image.jpg","https://github.com/Sparkies01/mlbb-intro/releases/download/v4.1.3/249_INTRO.ML.X.AOT.zip","https://github.com/Sparkies01/mlbb-intro/releases/download/v4.1.3-previews/249_preview.3gp","","34120","87553","6487"
"247","INTRO ML BRO BRO","GAME","https://github.com/Sparkies01/mlbb-intro/releases/download/v4.1.3-images/247_image.jpg","https://github.com/Sparkies01/mlbb-intro/releases/download/v4.1.3/247_INTRO.ML.NGAB.NGAB.zip","https://github.com/Sparkies01/mlbb-intro/releases/download/v4.1.3-previews/247_preview.3gp","","6772","45623","1257"
"246","MLBB X M-WORD","HERO","https://github.com/Sparkies01/mlbb-intro/releases/download/v4.1.3-images/fallback_HERO.png","https://github.com/Sparkies01/mlbb-intro/releases/download/v4.1.3/246_MLBB.X.M-WORD.zip","https://github.com/Sparkies01/mlbb-intro/releases/download/v4.1.3-previews/246_preview.mp4","","34243","6227","4200"
"245","INTRO MLBB X TRANSFORMERS","GAME","https://github.com/Sparkies01/mlbb-intro/releases/download/v4.1.3-images/245_image.jpg","https://github.com/Sparkies01/mlbb-intro/releases/download/v4.1.3/245_INTRO.MLBB.X.TRANSFORMERS.zip","https://github.com/Sparkies01/mlbb-intro/releases/download/v4.1.3-previews/245_preview.mp4","","40116","73550","6471"
"244","HU TAO X MLBB GENSHIN IMPACT","GAME","https://github.com/Sparkies01/mlbb-intro/releases/download/v4.1.3-images/fallback_GAME.png","https://github.com/Sparkies01/mlbb-intro/releases/download/v4.1.3/244_HU.TAO.X.MLBB.GENSHIN.IMPACT.zip","https://github.com/Sparkies01/mlbb-intro/releases/download/v4.1.3-previews/244_preview.mp4","","9138","4538","2910"
"243","MLBB","GAME","https://github.com/Sparkies01/mlbb-intro/releases/download/v4.1.3-images/243_image.jpg","https://github.com/Sparkies01/mlbb-intro/releases/download/v4.1.3/243_MLBB.X.AYAKA.GENSHIN.IMPACT.zip","https://github.com/Sparkies01/mlbb-intro/releases/download/v4.1.3-previews/243_preview.mp4","","4636","2760","981"
"242","MLBB X ASPIRANTS X ATTACK ON TITAN","ANIME","https://github.com/Sparkies01/mlbb-intro/releases/download/v4.1.3-images/242_image.jpg","https://github.com/Sparkies01/mlbb-intro/releases/download/v4.1.3/242_MLBB.X.ASPIRANTS.X.ATTACK.ON.TITAN.zip","https://github.com/Sparkies01/mlbb-intro/releases/download/v4.1.3-previews/242_preview.mp4","","9957","4928","1865"
"241","MLBB X ASPIRANTS X ATTACK ON TITAN","HERO","https://github.com/Sparkies01/mlbb-intro/releases/download/v4.1.3-images/242_image.jpg","https://github.com/Sparkies01/mlbb-intro/releases/download/v4.1.3/242_MLBB.X.ASPIRANTS.X.ATTACK.ON.TITAN.zip","https://github.com/Sparkies01/mlbb-intro/releases/download/v4.1.3-previews/242_preview.mp4","","13491","6445","3762"
"240","INTRO LOGO MYTHIC","GAME","https://github.com/Sparkies01/mlbb-intro/releases/download/v4.1.3-images/fallback_GAME.png","https://github.com/Sparkies01/mlbb-intro/releases/download/v4.1.3/240_INTRO.LOGO.MYTHIC.zip","https://github.com/Sparkies01/mlbb-intro/releases/download/v4.1.3-previews/240_preview.3gp","","26531","59505","3457"
"239","MLBB X SPIDERMAN NO WAY HOME","HD_4K","https://github.com/Sparkies01/mlbb-intro/releases/download/v4.1.3-images/fallback_HD_4K.png","https://github.com/Sparkies01/mlbb-intro/releases/download/v4.1.3/239_MLBB.X.SPIDERMAN.NO.WAY.HOME.zip","https://github.com/Sparkies01/mlbb-intro/releases/download/v4.1.3-previews/239_preview.mp4","","18506","12408","2014"
"238","MLBB X VIRA APRILIA","TIKTOK","https://github.com/Sparkies01/mlbb-intro/releases/download/v4.1.3-images/238_image.jpg","https://github.com/Sparkies01/mlbb-intro/releases/download/v4.1.3/238_MLBB.X.VIRA.APRILIA.zip","https://github.com/Sparkies01/mlbb-intro/releases/download/v4.1.3-previews/238_preview.mp4","","61008","11138","6342"
"237","MLBB X TIKTOK BLINK","TIKTOK","https://github.com/Sparkies01/mlbb-intro/releases/download/v4.1.3-images/237_image.jpg","https://github.com/Sparkies01/mlbb-intro/releases/download/v4.1.3/237_MLBB.X.TIKTOK.KEDIP.zip","https://github.com/Sparkies01/mlbb-intro/releases/download/v4.1.3-previews/237_preview.mp4","","38955","30584","2704"
"236","INDONESIAN SUPER HERO X MLBB","TIKTOK","https://github.com/Sparkies01/mlbb-intro/releases/download/v4.1.3-images/236_image.jpg","https://github.com/Sparkies01/mlbb-intro/releases/download/v4.1.3/236_SUPER.HERO.INDONESIA.X.MLBB.zip","https://github.com/Sparkies01/mlbb-intro/releases/download/v4.1.3-previews/236_preview.mp4","","6241","14583","361"
"235","NCT X MLBB","TIKTOK","https://github.com/Sparkies01/mlbb-intro/releases/download/v4.1.3-images/235_image.jpg","https://github.com/Sparkies01/mlbb-intro/releases/download/v4.1.3/235_NCT.X.MLBB.zip","https://github.com/Sparkies01/mlbb-intro/releases/download/v4.1.3-previews/235_preview.mp4","","11104","3662","982"
"234","MLBB X JEDAG JEDUG PREMIUM","TIKTOK","https://github.com/Sparkies01/mlbb-intro/releases/download/v4.1.3-images/234_image.jpg","https://github.com/Sparkies01/mlbb-intro/releases/download/v4.1.3/234_MLBB.X.JEDAG.JEDUG.PREMIUM.zip","https://github.com/Sparkies01/mlbb-intro/releases/download/v4.1.3-previews/234_preview.mp4","","5676","1602","389"
"233","MLBB X YAMETE KUDASAI","TIKTOK","https://github.com/Sparkies01/mlbb-intro/releases/download/v4.1.3-images/233_image.jpg","https://github.com/Sparkies01/mlbb-intro/releases/download/v4.1.3/233_MLBB.X.YAMETE.KUDASAI.zip","https://github.com/Sparkies01/mlbb-intro/releases/download/v4.1.3-previews/233_preview.mp4","","39907","8976","6215"
"232","MLBB X WEB","TIKTOK","https://github.com/Sparkies01/mlbb-intro/releases/download/v4.1.3-images/232_image.jpg","https://github.com/Sparkies01/mlbb-intro/releases/download/v4.1.3/232_MLBB.X.WIBU.zip","https://github.com/Sparkies01/mlbb-intro/releases/download/v4.1.3-previews/232_preview.mp4","","8822","5128","781"
"231","MLBB X UNA","TIKTOK","https://github.com/Sparkies01/mlbb-intro/releases/download/v4.1.3-images/231_image.jpg","https://github.com/Sparkies01/mlbb-intro/releases/download/v4.1.3/231_MLBB.X.UNA.zip","https://github.com/Sparkies01/mlbb-intro/releases/download/v4.1.3-previews/231_preview.mp4","","14131","7776","1031"
"230","MLBB X TWICE","TIKTOK","https://github.com/Sparkies01/mlbb-intro/releases/download/v4.1.3-images/230_image.jpg","https://github.com/Sparkies01/mlbb-intro/releases/download/v4.1.3/230_MLBB.X.TWICE.zip","https://github.com/Sparkies01/mlbb-intro/releases/download/v4.1.3-previews/230_preview.mp4","","3740","3971","191"
"229","MLBB X TikTok V3","TIKTOK","https://github.com/Sparkies01/mlbb-intro/releases/download/v4.1.3-images/229_image.jpg","https://github.com/Sparkies01/mlbb-intro/releases/download/v4.1.3/229_MLBB.X.TIKTOK.V3.zip","https://github.com/Sparkies01/mlbb-intro/releases/download/v4.1.3-previews/229_preview.mp4","","25669","5873","1383"
"228","MLBB X TIKTOK SLOWMO","TIKTOK","https://github.com/Sparkies01/mlbb-intro/releases/download/v4.1.3-images/228_image.jpg","https://github.com/Sparkies01/mlbb-intro/releases/download/v4.1.3/228_MLBB.X.TIKTOK.SLOWMO.zip","https://github.com/Sparkies01/mlbb-intro/releases/download/v4.1.3-previews/228_preview.mp4","","7519","6680","630"
"227","MLBB X TICK","TIKTOK","https://github.com/Sparkies01/mlbb-intro/releases/download/v4.1.3-images/fallback_TIKTOK.png","https://github.com/Sparkies01/mlbb-intro/releases/download/v4.1.3/227_MLBB.X.TIKTOK.zip","https://github.com/Sparkies01/mlbb-intro/releases/download/v4.1.3-previews/227_preview.mp4","","46390","23494","5405"
"226","MLBB X RANDOM TICK","TIKTOK","https://github.com/Sparkies01/mlbb-intro/releases/download/v4.1.3-images/226_image.jpg","https://github.com/Sparkies01/mlbb-intro/releases/download/v4.1.3/226_MLBB.X.RANDOM.TIKTOK.zip","https://github.com/Sparkies01/mlbb-intro/releases/download/v4.1.3-previews/226_preview.mp4","","14219","11143","755"
"225","MLBB X HEALTH","TIKTOK","https://github.com/Sparkies01/mlbb-intro/releases/download/v4.1.3-images/225_image.jpg","https://github.com/Sparkies01/mlbb-intro/releases/download/v4.1.3/225_MLBB.X.KIKAKIM.zip","https://github.com/Sparkies01/mlbb-intro/releases/download/v4.1.3-previews/225_preview.mp4","","11652","8008","492"
"224","MLBB X KAYES","TIKTOK","https://github.com/Sparkies01/mlbb-intro/releases/download/v4.1.3-images/224_image.jpg","https://github.com/Sparkies01/mlbb-intro/releases/download/v4.1.3/224_MLBB.X.KAYES.zip","https://github.com/Sparkies01/mlbb-intro/releases/download/v4.1.3-previews/224_preview.mp4","","19026","13200","1559"
"223","ML X AUGUST","TIKTOK","https://github.com/Sparkies01/mlbb-intro/releases/download/v4.1.3-images/223_image.jpg","https://github.com/Sparkies01/mlbb-intro/releases/download/v4.1.3/223_ML.X.AGUSTUS.zip","https://github.com/Sparkies01/mlbb-intro/releases/download/v4.1.3-previews/223_preview.mp4","","11317","13247","381"
"222","MLBB X TIKTOK V2","TIKTOK","https://github.com/Sparkies01/mlbb-intro/releases/download/v4.1.3-images/222_image.jpg","https://github.com/Sparkies01/mlbb-intro/releases/download/v4.1.3/222_MLBB.X.TIKTOK.V2.zip","https://github.com/Sparkies01/mlbb-intro/releases/download/v4.1.3-previews/222_preview.mp4","","31643","6924","2277"
"221","MLBB X LITTLE NIGHTMARES","GAME","https://github.com/Sparkies01/mlbb-intro/releases/download/v4.1.3-images/221_image.jpg","https://github.com/Sparkies01/mlbb-intro/releases/download/v4.1.3/221_MLBB.X.LITTLE.NIGHTMARES.zip","https://github.com/Sparkies01/mlbb-intro/releases/download/v4.1.3-previews/221_preview.mp4","","4490","3794","973"
"220","MLBB","TIKTOK","https://github.com/Sparkies01/mlbb-intro/releases/download/v4.1.3-images/220_image.jpg","https://github.com/Sparkies01/mlbb-intro/releases/download/v4.1.3/220_MLBB.X.IKLAN.zip","https://github.com/Sparkies01/mlbb-intro/releases/download/v4.1.3-previews/220_preview.mp4","","4137","11995","297"
"219","KAMEN RIDER X MLBB","TIKTOK","https://github.com/Sparkies01/mlbb-intro/releases/download/v4.1.3-images/219_image.jpg","https://github.com/Sparkies01/mlbb-intro/releases/download/v4.1.3/219_KAMEN.RIDER.X.MLBB.zip","https://github.com/Sparkies01/mlbb-intro/releases/download/v4.1.3-previews/219_preview.mp4","","18199","15862","1973"
"218","ROYKO X MLBB AD","TIKTOK","https://github.com/Sparkies01/mlbb-intro/releases/download/v4.1.3-images/fallback_TIKTOK.png","https://github.com/Sparkies01/mlbb-intro/releases/download/v4.1.3/218_IKLAN.ROYKO.X.MLBB.zip","https://github.com/Sparkies01/mlbb-intro/releases/download/v4.1.3-previews/218_preview.mp4","","11665","4729","1224"
"217","CHICAX MLBB","TIKTOK","https://github.com/Sparkies01/mlbb-intro/releases/download/v4.1.3-images/217_image.jpg","https://github.com/Sparkies01/mlbb-intro/releases/download/v4.1.3/217_CHIKA.X.MLBB.zip","https://github.com/Sparkies01/mlbb-intro/releases/download/v4.1.3-previews/217_preview.mp4","","23839","10322","1713"
"216","MLBB X NARUTO SO THIS YOUR DREAM NARUTO UZUMAKI HD","HD_4K","https://github.com/Sparkies01/mlbb-intro/releases/download/v4.1.3-images/216_image.jpg","https://github.com/Sparkies01/mlbb-intro/releases/download/v4.1.3/216_MLBB.X.NARUTO.SO.THIS.YOUR.DREAM.NARUTO.UZUMAKI.HD.zip","https://github.com/Sparkies01/mlbb-intro/releases/download/v4.1.3-previews/216_preview.mp4","","44405","36568","9147"
"215","MLBB X NARUTO SO THIS YOUR DREAM NARUTO UZUMAKI","ANIME","https://github.com/Sparkies01/mlbb-intro/releases/download/v4.1.3-images/215_image.jpg","https://github.com/Sparkies01/mlbb-intro/releases/download/v4.1.3/216_MLBB.X.NARUTO.SO.THIS.YOUR.DREAM.NARUTO.UZUMAKI.HD.zip","https://github.com/Sparkies01/mlbb-intro/releases/download/v4.1.3-previews/216_preview.mp4","","44785","38605","9518"
"214","ZEROZUTSU","ANIME","https://github.com/Sparkies01/mlbb-intro/releases/download/v4.1.3-images/214_image.jpg","https://github.com/Sparkies01/mlbb-intro/releases/download/v4.1.3/214_ZEROZUTSU.zip","https://github.com/Sparkies01/mlbb-intro/releases/download/v4.1.3-previews/214_preview.mp4","","26697","7949","354"
"213","MLBB X WAIFU ANIME","ANIME","https://github.com/Sparkies01/mlbb-intro/releases/download/v4.1.3-images/fallback_ANIME.png","https://github.com/Sparkies01/mlbb-intro/releases/download/v4.1.3/213_MLBB.X.WAIFU.ANIME.zip","https://github.com/Sparkies01/mlbb-intro/releases/download/v4.1.3-previews/213_preview.mp4","","26096","25075","5519"
"212","MLBB X ONEPIECE BIGMOM","ANIME","https://github.com/Sparkies01/mlbb-intro/releases/download/v4.1.3-images/212_image.jpg","https://github.com/Sparkies01/mlbb-intro/releases/download/v4.1.3/212_MLBB.X.ONEPIECE.BIGMOM.zip","https://github.com/Sparkies01/mlbb-intro/releases/download/v4.1.3-previews/212_preview.mp4","","29921","19972","4975"
"211","THE EYES ANIME X MLBB","ANIME","https://github.com/Sparkies01/mlbb-intro/releases/download/v4.1.3-images/211_image.jpg","https://github.com/Sparkies01/mlbb-intro/releases/download/v4.1.3/211_THE.EYES.ANIME.X.MLBB.zip","https://github.com/Sparkies01/mlbb-intro/releases/download/v4.1.3-previews/211_preview.mp4","","4974","7760","1161"
"210","MLBB X SPY X FAMILY","ANIME","https://github.com/Sparkies01/mlbb-intro/releases/download/v4.1.3-images/210_image.jpg","https://github.com/Sparkies01/mlbb-intro/releases/download/v4.1.3/210_MLBB.X.SPY.X.FAMILY.zip","https://github.com/Sparkies01/mlbb-intro/releases/download/v4.1.3-previews/210_preview.mp4","","10384","6435","2209"
"209","RED EYE ANIME","ANIME","https://github.com/Sparkies01/mlbb-intro/releases/download/v4.1.3-images/209_image.png","https://github.com/Sparkies01/mlbb-intro/releases/download/v4.1.3/209_RED.EYE.ANIME.zip","https://github.com/Sparkies01/mlbb-intro/releases/download/v4.1.3-previews/209_preview.mp4","","5463","9396","531"
"208","ONE PIECE X MLBB 4K","ANIME","https://github.com/Sparkies01/mlbb-intro/releases/download/v4.1.3-images/208_image.jpg","https://github.com/Sparkies01/mlbb-intro/releases/download/v4.1.3/208_ONE.PIECE.X.MLBB.4K.zip","https://github.com/Sparkies01/mlbb-intro/releases/download/v4.1.3-previews/208_preview.mp4","","57848","25782","8586"
"207","ONE PIECE X MLBB 4K","HD_4K","https://github.com/Sparkies01/mlbb-intro/releases/download/v4.1.3-images/208_image.jpg","https://github.com/Sparkies01/mlbb-intro/releases/download/v4.1.3/208_ONE.PIECE.X.MLBB.4K.zip","https://github.com/Sparkies01/mlbb-intro/releases/download/v4.1.3-previews/208_preview.mp4","","45913","22091","10512"
"206","NARUTO MODE BYRON X MLBB","ANIME","https://github.com/Sparkies01/mlbb-intro/releases/download/v4.1.3-images/206_image.webp","https://github.com/Sparkies01/mlbb-intro/releases/download/v4.1.3/206_NARUTO.MODE.BAYRON.X.MLBB.zip","https://github.com/Sparkies01/mlbb-intro/releases/download/v4.1.3-previews/206_preview.mp4","","20944","15132","2422"
"205","MLBB X NARUTO ASHURA GLOW","ANIME","https://github.com/Sparkies01/mlbb-intro/releases/download/v4.1.3-images/205_image.jpg","https://github.com/Sparkies01/mlbb-intro/releases/download/v4.1.3/205_MLBB.X.NARUTO.ASHURA.GLOW.zip","https://github.com/Sparkies01/mlbb-intro/releases/download/v4.1.3-previews/205_preview.mp4","","32601","20633","9750"
"204","MLBB x TOKYO GHOUL","ANIME","https://github.com/Sparkies01/mlbb-intro/releases/download/v4.1.3-images/fallback_ANIME.png","https://github.com/Sparkies01/mlbb-intro/releases/download/v4.1.3/204_MLBB.X.TOKYO.GHOUL.zip","https://github.com/Sparkies01/mlbb-intro/releases/download/v4.1.3-previews/204_preview.3gp","","7408","7675","1076"
"203","MLBB X SWORD ART ONLINE","ANIME","https://github.com/Sparkies01/mlbb-intro/releases/download/v4.1.3-images/203_image.png","https://github.com/Sparkies01/mlbb-intro/releases/download/v4.1.3/203_MLBB.X.SWORD.ART.ONLINE.zip","https://github.com/Sparkies01/mlbb-intro/releases/download/v4.1.3-previews/203_preview.3gp","","17331","11251","2767"
"202","MLBB X RORONOA ZORO ONE PIECE","ANIME","https://github.com/Sparkies01/mlbb-intro/releases/download/v4.1.3-images/202_image.png","https://github.com/Sparkies01/mlbb-intro/releases/download/v4.1.3/202_MLBB.X.RORONOA.ZORO.ONE.PIECE.zip","https://github.com/Sparkies01/mlbb-intro/releases/download/v4.1.3-previews/202_preview.mp4","","18745","22982","2220"
"201","MLBB X REMIRU TEMPEST","ANIME","https://github.com/Sparkies01/mlbb-intro/releases/download/v4.1.3-images/201_image.jpg","https://github.com/Sparkies01/mlbb-intro/releases/download/v4.1.3/201_MLBB.X.RIMURU.TEMPEST.zip","https://github.com/Sparkies01/mlbb-intro/releases/download/v4.1.3-previews/201_preview.mp4","","6415","9872","964"
"200","MLBB X KIMETSU NO YAIBA S 1","ANIME","https://github.com/Sparkies01/mlbb-intro/releases/download/v4.1.3-images/200_image.webp","https://github.com/Sparkies01/mlbb-intro/releases/download/v4.1.3/200_MLBB.X.KIMETSU.NO.YAIBA.S.1.zip","https://github.com/Sparkies01/mlbb-intro/releases/download/v4.1.3-previews/200_preview.3gp","","9746","11534","1203"
"199","MLBB X KIMETSU NO YAIBA SAD","ANIME","https://github.com/Sparkies01/mlbb-intro/releases/download/v4.1.3-images/199_image.jpg","https://github.com/Sparkies01/mlbb-intro/releases/download/v4.1.3/199_MLBB.X.KIMETSU.NO.YAIBA.SAD.zip","https://github.com/Sparkies01/mlbb-intro/releases/download/v4.1.3-previews/199_preview.mp4","","5860","4141","1010"
"198","MLBB X HAIKYUU","ANIME","https://github.com/Sparkies01/mlbb-intro/releases/download/v4.1.3-images/198_image.jpg","https://github.com/Sparkies01/mlbb-intro/releases/download/v4.1.3/198_MLBB.X.HAIKYUU.zip","https://github.com/Sparkies01/mlbb-intro/releases/download/v4.1.3-previews/198_preview.3gp","","9163","10098","2058"
"197","ALL ANIME X MLBB LATES","ANIME","https://github.com/Sparkies01/mlbb-intro/releases/download/v4.1.3-images/197_image.jpg","https://github.com/Sparkies01/mlbb-intro/releases/download/v4.1.3/197_ALL.ANIME.X.MLBB.LATES.zip","https://github.com/Sparkies01/mlbb-intro/releases/download/v4.1.3-previews/197_preview.mp4","","13128","9717","2383"
"196","ML X RE ZERO REM","ANIME","https://github.com/Sparkies01/mlbb-intro/releases/download/v4.1.3-images/196_image.jpg","https://github.com/Sparkies01/mlbb-intro/releases/download/v4.1.3/196_ML.X.RE.ZERO.REM.zip","https://github.com/Sparkies01/mlbb-intro/releases/download/v4.1.3-previews/196_preview.mp4","","2673","2185","459"
"195","MLBB X OWARI NO SERAPH","ANIME","https://github.com/Sparkies01/mlbb-intro/releases/download/v4.1.3-images/195_image.jpg","https://github.com/Sparkies01/mlbb-intro/releases/download/v4.1.3/195_MLBB.X.OWARI.NO.SERAPH.zip","https://github.com/Sparkies01/mlbb-intro/releases/download/v4.1.3-previews/195_preview.mp4","","2011","1612","384"
"194","MLBB X NANATSU NO TAIZAI","ANIME","https://github.com/Sparkies01/mlbb-intro/releases/download/v4.1.3-images/194_image.jpg","https://github.com/Sparkies01/mlbb-intro/releases/download/v4.1.3/194_MLBB.X.NANATSU.NO.TAIZAI.zip","https://github.com/Sparkies01/mlbb-intro/releases/download/v4.1.3-previews/194_preview.mp4","","1764","1144","257"
"193","MLBB X BLACK CLOVER ENDED","ANIME","https://github.com/Sparkies01/mlbb-intro/releases/download/v4.1.3-images/193_image.jpg","https://github.com/Sparkies01/mlbb-intro/releases/download/v4.1.3/193_MLBB.X.BLACK.CLOVER.ENDED.zip","https://github.com/Sparkies01/mlbb-intro/releases/download/v4.1.3-previews/193_preview.mp4","","3828","5200","515"
"192","LOADING ML X JUJUTSU KAISEN SIMPLE","ANIME","https://github.com/Sparkies01/mlbb-intro/releases/download/v4.1.3-images/192_image.jpg","https://github.com/Sparkies01/mlbb-intro/releases/download/v4.1.3/192_LOADING.ML.X.JUJUTSU.KAISEN.SIMPLE.zip","https://github.com/Sparkies01/mlbb-intro/releases/download/v4.1.3-previews/192_preview.mp4","","28350","42145","4387"
"191","HATSUNE MIKU X MLBB","ANIME","https://github.com/Sparkies01/mlbb-intro/releases/download/v4.1.3-images/fallback_ANIME.png","https://github.com/Sparkies01/mlbb-intro/releases/download/v4.1.3/191_HATSUNE.MIKU.X.MLBB.zip","https://github.com/Sparkies01/mlbb-intro/releases/download/v4.1.3-previews/191_preview.mp4","","6618","2892","812"
"190","GENSHIN X BLENDS","ANIME","https://github.com/Sparkies01/mlbb-intro/releases/download/v4.1.3-images/fallback_ANIME.png","https://github.com/Sparkies01/mlbb-intro/releases/download/v4.1.3/190_GENSHIN.X.BLENDS.zip","https://github.com/Sparkies01/mlbb-intro/releases/download/v4.1.3-previews/190_preview.mp4","","3096","4224","397"
"189","CICAK X ORANGE","ANIME","https://github.com/Sparkies01/mlbb-intro/releases/download/v4.1.3-images/189_image.jpg","https://github.com/Sparkies01/mlbb-intro/releases/download/v4.1.3/189_CICAK.X.ORANGE.zip","https://github.com/Sparkies01/mlbb-intro/releases/download/v4.1.3-previews/189_preview.mp4","","1792","1834","172"
"186","MLBB X GENSHIN IMPACT SLOWMO","GAME","https://github.com/Sparkies01/mlbb-intro/releases/download/v4.1.3-images/186_image.jpg","https://github.com/Sparkies01/mlbb-intro/releases/download/v4.1.3/186_MLBB.X.GENSHIN.IMPACT.SLOWMO.zip","https://github.com/Sparkies01/mlbb-intro/releases/download/v4.1.3-previews/186_preview.mp4","mode_publick","6583","4178","1131"
"185","MLBB X GENSHIN IMPACT RAIDEN SHOGUN","GAME","https://github.com/Sparkies01/mlbb-intro/releases/download/v4.1.3-images/185_image.jpg","https://github.com/Sparkies01/mlbb-intro/releases/download/v4.1.3/185_MLBB.X.GENSHIN.IMPACT.RAIDEN.SHOGUN.zip","https://github.com/Sparkies01/mlbb-intro/releases/download/v4.1.3-previews/185_preview.mp4","mode_publick","7825","5242","2205"
"184","MLBB X GENSHIN IMPACT","GAME","https://github.com/Sparkies01/mlbb-intro/releases/download/v4.1.3-images/184_image.jpg","https://github.com/Sparkies01/mlbb-intro/releases/download/v4.1.3/184_MLBB.X.GENSHIN.IMPACT.zip","https://github.com/Sparkies01/mlbb-intro/releases/download/v4.1.3-previews/184_preview.mp4","mode_public","4468","3541","1146"
"183","MLBB X EDENS ZERO","ANIME","https://github.com/Sparkies01/mlbb-intro/releases/download/v4.1.3-images/183_image.jpg","https://github.com/Sparkies01/mlbb-intro/releases/download/v4.1.3/183_MLBB.X.EDENS.ZERO.zip","https://github.com/Sparkies01/mlbb-intro/releases/download/v4.1.3-previews/183_preview.mp4","mode_publick","1521","944","276"
"182","MLBB","TIKTOK","https://github.com/Sparkies01/mlbb-intro/releases/download/v4.1.3-images/182_image.jpg","https://github.com/Sparkies01/mlbb-intro/releases/download/v4.1.3/182_MLBB.X.DINDA.zip","https://github.com/Sparkies01/mlbb-intro/releases/download/v4.1.3-previews/182_preview.mp4","mode_public","6473","4201","513"
"181","MLBB X DIAHNOVY","TIKTOK","https://github.com/Sparkies01/mlbb-intro/releases/download/v4.1.3-images/181_image.png","https://github.com/Sparkies01/mlbb-intro/releases/download/v4.1.3/181_MLBB.X.DIAHNOVY.zip","https://github.com/Sparkies01/mlbb-intro/releases/download/v4.1.3-previews/181_preview.mp4","mode_public","2239","1586","136"
"180","MLBB X DANCING EMILIA","ANIME","https://github.com/Sparkies01/mlbb-intro/releases/download/v4.1.3-images/fallback_ANIME.png","https://github.com/Sparkies01/mlbb-intro/releases/download/v4.1.3/180_MLBB.X.DANCING.EMILIA.zip","https://github.com/Sparkies01/mlbb-intro/releases/download/v4.1.3-previews/180_preview.mp4","mode_public","864","889","92"
"179","MLBB X DAHLA","TIKTOK","https://github.com/Sparkies01/mlbb-intro/releases/download/v4.1.3-images/179_image.jpg","https://github.com/Sparkies01/mlbb-intro/releases/download/v4.1.3/179_MLBB.X.DAHLA.zip","https://github.com/Sparkies01/mlbb-intro/releases/download/v4.1.3-previews/179_preview.mp4","mode_public","9179","7217","532"
"178","MLBB X D4DJ GENSHIN IMPACT","GAME","https://github.com/Sparkies01/mlbb-intro/releases/download/v4.1.3-images/178_image.jpg","https://github.com/Sparkies01/mlbb-intro/releases/download/v4.1.3/178_MLBB.X.D4DJ.GENSHIN.IMPACT.zip","https://github.com/Sparkies01/mlbb-intro/releases/download/v4.1.3-previews/178_preview.mp4","mode_public","5500","4430","1278"
"177","MLBB X CR7","TIKTOK","https://github.com/Sparkies01/mlbb-intro/releases/download/v4.1.3-images/177_image.jpg","https://github.com/Sparkies01/mlbb-intro/releases/download/v4.1.3/177_MLBB.X.CR7.zip","https://github.com/Sparkies01/mlbb-intro/releases/download/v4.1.3-previews/177_preview.mp4","mode_public","57766","12834","6195"
"176","ALL SPIDERMAN X MLBB","HD_4K","https://github.com/Sparkies01/mlbb-intro/releases/download/v4.1.3-images/176_image.jpg","https://github.com/Sparkies01/mlbb-intro/releases/download/v4.1.3/176_ALL.SPIDERMAN.X.MLBB.zip","https://github.com/Sparkies01/mlbb-intro/releases/download/v4.1.3-previews/176_preview.mp4","mode_public","10583","7179","1663"
"175","ML X CHAINSAW MAN MAKIMA","ANIME","https://github.com/Sparkies01/mlbb-intro/releases/download/v4.1.3-images/175_image.webp","https://github.com/Sparkies01/mlbb-intro/releases/download/v4.1.3/175_ML.X.CHAINSAW.MAN.MAKIMA.zip","https://github.com/Sparkies01/mlbb-intro/releases/download/v4.1.3-previews/175_preview.mp4","mode_public","4889","3798","502"
"174","MLBB X ALL SOUL VERSE II","ANIME","https://github.com/Sparkies01/mlbb-intro/releases/download/v4.1.3-images/fallback_ANIME.png","https://github.com/Sparkies01/mlbb-intro/releases/download/v4.1.3/174_MLBB.X.ALL.ANIME.VERSI.II.zip","https://github.com/Sparkies01/mlbb-intro/releases/download/v4.1.3-previews/174_preview.mp4","mode_public","7326","5602","1570"
"173","MLBB X GIRLS E-SPORT","SPORT","https://github.com/Sparkies01/mlbb-intro/releases/download/v4.1.3-images/173_image.jpg","https://github.com/Sparkies01/mlbb-intro/releases/download/v4.1.3/173_MLBB.X.CEWEK.E-SPORT.zip","https://github.com/Sparkies01/mlbb-intro/releases/download/v4.1.3-previews/173_preview.mp4","mode_public","28933","19971","2472"
"172","MLBB X ALL ANIME SLOWMO","ANIME","https://github.com/Sparkies01/mlbb-intro/releases/download/v4.1.3-images/172_image.png","https://github.com/Sparkies01/mlbb-intro/releases/download/v4.1.3/172_MLBB.X.ALL.ANIME.SLOWMO.zip","https://github.com/Sparkies01/mlbb-intro/releases/download/v4.1.3-previews/172_preview.mp4","mode_public","2925","2955","684"
"171","MLBB X CARS","TIKTOK","https://github.com/Sparkies01/mlbb-intro/releases/download/v4.1.3-images/171_image.jpg","https://github.com/Sparkies01/mlbb-intro/releases/download/v4.1.3/171_MLBB.X.CARS.zip","https://github.com/Sparkies01/mlbb-intro/releases/download/v4.1.3-previews/171_preview.mp4","mode_public","47842","37525","6297"
"170","MLBB X BLUE ARCHIVE","GAME","https://github.com/Sparkies01/mlbb-intro/releases/download/v4.1.3-images/fallback_GAME.png","https://github.com/Sparkies01/mlbb-intro/releases/download/v4.1.3/170_MLBB.X.BLUE.ARCHIVE.zip","https://github.com/Sparkies01/mlbb-intro/releases/download/v4.1.3-previews/170_preview.mp4","mode_public","6864","4742","2876"
"169","MLBB X ALL SOUL VERSE III","ANIME","https://github.com/Sparkies01/mlbb-intro/releases/download/v4.1.3-images/169_image.png","https://github.com/Sparkies01/mlbb-intro/releases/download/v4.1.3/169_MLBB.X.ALL.ANIME.VERSI.III.zip","https://github.com/Sparkies01/mlbb-intro/releases/download/v4.1.3-previews/169_preview.mp4","mode_public","17490","12450","3108"
"168","ML X BLACK CLOVER","ANIME","https://github.com/Sparkies01/mlbb-intro/releases/download/v4.1.3-images/fallback_ANIME.png","https://github.com/Sparkies01/mlbb-intro/releases/download/v4.1.3/168_ML.X.BLACK.CLOVER.zip","https://github.com/Sparkies01/mlbb-intro/releases/download/v4.1.3-previews/168_preview.mp4","mode_public","5341","3207","821"
"167","ML X TIKTOK Nudge LEFT RIGHT","TIKTOK","https://github.com/Sparkies01/mlbb-intro/releases/download/v4.1.3-images/167_image.jpg","https://github.com/Sparkies01/mlbb-intro/releases/download/v4.1.3/167_ML.X.TIKTOK.SENGGOL.KIRI.KANAN.zip","","mode_public","4504","35338","190"
"166","MLBB X ARKNIGHTS","GAME","https://github.com/Sparkies01/mlbb-intro/releases/download/v4.1.3-images/fallback_GAME.png","https://github.com/Sparkies01/mlbb-intro/releases/download/v4.1.3/166_MLBB.X.ARKNIGHTS.zip","https://github.com/Sparkies01/mlbb-intro/releases/download/v4.1.3-previews/166_preview.mp4","mode_public","1756","1689","401"
"165","MLBB X AOT MYTIC SCANE","HD_4K","https://github.com/Sparkies01/mlbb-intro/releases/download/v4.1.3-images/165_image.jpg","https://github.com/Sparkies01/mlbb-intro/releases/download/v4.1.3/165_MLBB.X.AOT.MYTIC.SCANE.zip","https://github.com/Sparkies01/mlbb-intro/releases/download/v4.1.3-previews/165_preview.mp4","mode_public","13356","8137","3606"
"164","MLBB X AOT MYTIC SCANE","ANIME","https://github.com/Sparkies01/mlbb-intro/releases/download/v4.1.3-images/165_image.jpg","https://github.com/Sparkies01/mlbb-intro/releases/download/v4.1.3/165_MLBB.X.AOT.MYTIC.SCANE.zip","https://github.com/Sparkies01/mlbb-intro/releases/download/v4.1.3-previews/165_preview.mp4","mode_public","8789","5768","1996"
"163","MLBB BRO BRO","ANIME","https://github.com/Sparkies01/mlbb-intro/releases/download/v4.1.3-images/163_image.jpg","https://github.com/Sparkies01/mlbb-intro/releases/download/v4.1.3/247_INTRO.ML.NGAB.NGAB.zip","https://github.com/Sparkies01/mlbb-intro/releases/download/v4.1.3-previews/163_preview.3gp","mode_public","9669","44160","1087"
"162","ML X PUBG NEW STATE","GAME","https://github.com/Sparkies01/mlbb-intro/releases/download/v4.1.3-images/162_image.jpg","https://github.com/Sparkies01/mlbb-intro/releases/download/v4.1.3/162_ML.X.PUBG.NEW.STATE.zip","https://github.com/Sparkies01/mlbb-intro/releases/download/v4.1.3-previews/162_preview.mp4","mode_public","4742","2715","793"
"161","MLBB X MUSIC SIMPLE DIMPLE","TIKTOK","https://github.com/Sparkies01/mlbb-intro/releases/download/v4.1.3-images/161_image.jpg","https://github.com/Sparkies01/mlbb-intro/releases/download/v4.1.3/161_MLBB.X.MUSIC.SIMPLE.DIMPLE.zip","https://github.com/Sparkies01/mlbb-intro/releases/download/v4.1.3-previews/161_preview.mp4","mode_public","13679","23172","841"
"160","MLBB X YELAN GENSHIN IMPACT","GAME","https://github.com/Sparkies01/mlbb-intro/releases/download/v4.1.3-images/160_image.jpg","https://github.com/Sparkies01/mlbb-intro/releases/download/v4.1.3/160_MLBB.X.YELAN.GENSHIN.IMPACT.zip","https://github.com/Sparkies01/mlbb-intro/releases/download/v4.1.3-previews/160_preview.mp4","mode_public","1626","1474","436"
"159","MLBB X WEB KILLINGS","TIKTOK","https://github.com/Sparkies01/mlbb-intro/releases/download/v4.1.3-images/159_image.jpg","https://github.com/Sparkies01/mlbb-intro/releases/download/v4.1.3/159_MLBB.X.WIBU.NEKO.zip","https://github.com/Sparkies01/mlbb-intro/releases/download/v4.1.3-previews/159_preview.mp4","mode_public","9005","7729","631"
"158","MLBB X TANK","HERO","https://github.com/Sparkies01/mlbb-intro/releases/download/v4.1.3-images/fallback_HERO.png","https://github.com/Sparkies01/mlbb-intro/releases/download/v4.1.3/158_MLBB.X.TANK.zip","https://github.com/Sparkies01/mlbb-intro/releases/download/v4.1.3-previews/158_preview.mp4","mode_public","18886","22502","5213"
"157","MLBB X SWORD ART ONLINE X AOV","ANIME","https://github.com/Sparkies01/mlbb-intro/releases/download/v4.1.3-images/157_image.jpg","https://github.com/Sparkies01/mlbb-intro/releases/download/v4.1.3/157_MLBB.X.SWORD.ART.ONLINE.X.AOV.zip","https://github.com/Sparkies01/mlbb-intro/releases/download/v4.1.3-previews/157_preview.mp4","mode_public","1550","864","257"
"156","MLBB X SWORD ART ONLINE X AOV","GAME","https://github.com/Sparkies01/mlbb-intro/releases/download/v4.1.3-images/157_image.jpg","https://github.com/Sparkies01/mlbb-intro/releases/download/v4.1.3/157_MLBB.X.SWORD.ART.ONLINE.X.AOV.zip","https://github.com/Sparkies01/mlbb-intro/releases/download/v4.1.3-previews/157_preview.mp4","mode_public","2401","1226","710"
"155","MLBB X SANRIO","HERO","https://github.com/Sparkies01/mlbb-intro/releases/download/v4.1.3-images/155_image.webp","https://github.com/Sparkies01/mlbb-intro/releases/download/v4.1.3/155_MLBB.X.SANRIO.zip","https://github.com/Sparkies01/mlbb-intro/releases/download/v4.1.3-previews/155_preview.mp4","mode_public","4402","3125","960"
"154","ML X RESIDEN EVIL REMAKE","GAME","https://github.com/Sparkies01/mlbb-intro/releases/download/v4.1.3-images/fallback_GAME.png","https://github.com/Sparkies01/mlbb-intro/releases/download/v4.1.3/154_ML.X.RESIDEN.EVIL.REMAKE.zip","https://github.com/Sparkies01/mlbb-intro/releases/download/v4.1.3-previews/154_preview.mp4","mode_public","3767","2994","668"
"153","ML X NERO BLACK CLOVER","ANIME","https://github.com/Sparkies01/mlbb-intro/releases/download/v4.1.3-images/153_image.jpg","https://github.com/Sparkies01/mlbb-intro/releases/download/v4.1.3/153_ML.X.NERO.BLACK.CLOVER.zip","https://github.com/Sparkies01/mlbb-intro/releases/download/v4.1.3-previews/153_preview.mp4","mode_public","769","673","80"
"152","MLBB X MARKSMAN","GAME","https://github.com/Sparkies01/mlbb-intro/releases/download/v4.1.3-images/152_image.jpg","https://github.com/Sparkies01/mlbb-intro/releases/download/v4.1.3/152_MLBB.X.MARKSMAN.zip","https://github.com/Sparkies01/mlbb-intro/releases/download/v4.1.3-previews/152_preview.mp4","mode_public","9277","3932","1827"
"151","MLBB X MARKSMAN","HERO","https://github.com/Sparkies01/mlbb-intro/releases/download/v4.1.3-images/152_image.jpg","https://github.com/Sparkies01/mlbb-intro/releases/download/v4.1.3/152_MLBB.X.MARKSMAN.zip","https://github.com/Sparkies01/mlbb-intro/releases/download/v4.1.3-previews/152_preview.mp4","mode_public","26670","12758","6646"
"150","MARIN KITAGAWA X MLBB","HD_4K","https://github.com/Sparkies01/mlbb-intro/releases/download/v4.1.3-images/fallback_HD_4K.png","https://github.com/Sparkies01/mlbb-intro/releases/download/v4.1.3/150_MARIN.KITAGAWA.X.MLBB.zip","https://github.com/Sparkies01/mlbb-intro/releases/download/v4.1.3-previews/150_preview.mp4","mode_public","14479","23973","2563"
"149","MARIN KITAGAWA X MLBB","ANIME","https://github.com/Sparkies01/mlbb-intro/releases/download/v4.1.3-images/fallback_ANIME.png","https://github.com/Sparkies01/mlbb-intro/releases/download/v4.1.3/150_MARIN.KITAGAWA.X.MLBB.zip","https://github.com/Sparkies01/mlbb-intro/releases/download/v4.1.3-previews/150_preview.mp4","mode_public","3282","6453","437"
"148","MLBB X CANER HAT","HD_4K","https://github.com/Sparkies01/mlbb-intro/releases/download/v4.1.3-images/148_image.jpg","https://github.com/Sparkies01/mlbb-intro/releases/download/v4.1.3/148_MLBB.X.KOBO.KANAERU.zip","https://github.com/Sparkies01/mlbb-intro/releases/download/v4.1.3-previews/148_preview.mp4","mode_public","23496","11623","4581"
"147","MLBB X CANER HAT","TIKTOK","https://github.com/Sparkies01/mlbb-intro/releases/download/v4.1.3-images/148_image.jpg","https://github.com/Sparkies01/mlbb-intro/releases/download/v4.1.3/147_MLBB.X.KOBO.KANAERU.zip","https://github.com/Sparkies01/mlbb-intro/releases/download/v4.1.3-previews/148_preview.mp4","mode_public","27119","4059","1246"
"146","ML X JAPANESE GOBLIN","ANIME","https://github.com/Sparkies01/mlbb-intro/releases/download/v4.1.3-images/146_image.jpg","https://github.com/Sparkies01/mlbb-intro/releases/download/v4.1.3/146_ML.X.JAPANESE.GOBLIN.zip","https://github.com/Sparkies01/mlbb-intro/releases/download/v4.1.3-previews/146_preview.mp4","mode_public","3551","1905","400"
"145","ML X HIGH & LOW","TIKTOK","https://github.com/Sparkies01/mlbb-intro/releases/download/v4.1.3-images/fallback_TIKTOK.png","https://github.com/Sparkies01/mlbb-intro/releases/download/v4.1.3/145_ML.X.HIGH.LOW.zip","https://github.com/Sparkies01/mlbb-intro/releases/download/v4.1.3-previews/145_preview.mp4","mode_public","12713","8626","1380"
"144","MLBB X FAISAFCH REALLY WANT TO BE CATS","TIKTOK","https://github.com/Sparkies01/mlbb-intro/releases/download/v4.1.3-images/144_image.jpg","https://github.com/Sparkies01/mlbb-intro/releases/download/v4.1.3/144_MLBB.X.FAISAFCH.MAU.BANGET.JADI.KUCING.zip","https://github.com/Sparkies01/mlbb-intro/releases/download/v4.1.3-previews/144_preview.mp4","mode_public","21054","12418","1956"
"143","ML X DX TWICE","TIKTOK","https://github.com/Sparkies01/mlbb-intro/releases/download/v4.1.3-images/143_image.jpg","https://github.com/Sparkies01/mlbb-intro/releases/download/v4.1.3/143_ML.X.DX.TWICE.zip","https://github.com/Sparkies01/mlbb-intro/releases/download/v4.1.3-previews/143_preview.mp4","mode_public","2452","5127","244"
"142","MLBB X COC GOBLIN","GAME","https://github.com/Sparkies01/mlbb-intro/releases/download/v4.1.3-images/142_image.jpg","https://github.com/Sparkies01/mlbb-intro/releases/download/v4.1.3/142_MLBB.X.COC.GOBLIN.zip","https://github.com/Sparkies01/mlbb-intro/releases/download/v4.1.3-previews/142_preview.mp4","mode_public","14844","14078","2570"
"141","ML X BLUE LOCK","ANIME","https://github.com/Sparkies01/mlbb-intro/releases/download/v4.1.3-images/141_image.jpg","https://github.com/Sparkies01/mlbb-intro/releases/download/v4.1.3/141_ML.X.BLUE.LOCK.zip","https://github.com/Sparkies01/mlbb-intro/releases/download/v4.1.3-previews/141_preview.mp4","mode_public","6357","7360","1529"
"140","MLBB X ASSASSINS","GAME","https://github.com/Sparkies01/mlbb-intro/releases/download/v4.1.3-images/fallback_GAME.png","https://github.com/Sparkies01/mlbb-intro/releases/download/v4.1.3/140_MLBB.X.ASSASSINS.zip","https://github.com/Sparkies01/mlbb-intro/releases/download/v4.1.3-previews/140_preview.mp4","mode_public","8890","5386","2011"
"139","MLBB X ASSASSINS","HERO","https://github.com/Sparkies01/mlbb-intro/releases/download/v4.1.3-images/fallback_HERO.png","https://github.com/Sparkies01/mlbb-intro/releases/download/v4.1.3/140_MLBB.X.ASSASSINS.zip","https://github.com/Sparkies01/mlbb-intro/releases/download/v4.1.3-previews/140_preview.mp4","mode_public","29063","16975","8588"
"138","MLBB X ASPIRANTS","HERO","https://github.com/Sparkies01/mlbb-intro/releases/download/v4.1.3-images/fallback_HERO.png","https://github.com/Sparkies01/mlbb-intro/releases/download/v4.1.3/138_MLBB.X.ASPIRANTS.zip","https://github.com/Sparkies01/mlbb-intro/releases/download/v4.1.3-previews/138_preview.mp4","mode_public","24127","12452","7829"
"137","MLBB X ASPIRANTS","GAME","https://github.com/Sparkies01/mlbb-intro/releases/download/v4.1.3-images/fallback_GAME.png","https://github.com/Sparkies01/mlbb-intro/releases/download/v4.1.3/138_MLBB.X.ASPIRANTS.zip","https://github.com/Sparkies01/mlbb-intro/releases/download/v4.1.3-previews/138_preview.mp4","mode_public","8071","5037","2368"
"136","MLBB X ASPIRANTS","ANIME","https://github.com/Sparkies01/mlbb-intro/releases/download/v4.1.3-images/fallback_ANIME.png","https://github.com/Sparkies01/mlbb-intro/releases/download/v4.1.3/138_MLBB.X.ASPIRANTS.zip","https://github.com/Sparkies01/mlbb-intro/releases/download/v4.1.3-previews/138_preview.mp4","mode_public","7361","5237","1300"
"135","ML X ANIME CHAINSAW MAN","ANIME","https://github.com/Sparkies01/mlbb-intro/releases/download/v4.1.3-images/135_image.jpg","https://github.com/Sparkies01/mlbb-intro/releases/download/v4.1.3/135_ML.X.ANIME.CHAINSAW.MAN.zip","https://github.com/Sparkies01/mlbb-intro/releases/download/v4.1.3-previews/135_preview.mp4","mode_public","10728","20084","1348"
"134","MLBB X ALENA VIRAL DJ KARA BORUTO","TIKTOK","https://github.com/Sparkies01/mlbb-intro/releases/download/v4.1.3-images/134_image.jpg","https://github.com/Sparkies01/mlbb-intro/releases/download/v4.1.3/134_MLBB.X.ALEENA.VIRAL.DJ.KARA.BORUTO.zip","https://github.com/Sparkies01/mlbb-intro/releases/download/v4.1.3-previews/134_preview.mp4","mode_public","48972","6292","3835"
"133","AKEBI NO SAILOR X MLBB","ANIME","https://github.com/Sparkies01/mlbb-intro/releases/download/v4.1.3-images/133_image.jpg","https://github.com/Sparkies01/mlbb-intro/releases/download/v4.1.3/133_AKEBI.NO.SAILOR.X.MLBB.zip","https://github.com/Sparkies01/mlbb-intro/releases/download/v4.1.3-previews/133_preview.mp4","mode_public","1058","1934","224"
"132","MLBB X TikTok CRAZY","TIKTOK","https://github.com/Sparkies01/mlbb-intro/releases/download/v4.1.3-images/132_image.jpg","https://github.com/Sparkies01/mlbb-intro/releases/download/v4.1.3/132_MLBB.X.TIKTOK.LOCA.LOKA.zip","https://github.com/Sparkies01/mlbb-intro/releases/download/v4.1.3-previews/132_preview.mp4","mode_public","9605","10423","660"
"131","TAKE ON X MLBB","GAME","https://github.com/Sparkies01/mlbb-intro/releases/download/v4.1.3-images/131_image.jpg","https://github.com/Sparkies01/mlbb-intro/releases/download/v4.1.3/131_TAKT.OP.X.MLBB.zip","https://github.com/Sparkies01/mlbb-intro/releases/download/v4.1.3-previews/131_preview.mp4","mode_public","1545","2373","491"
"130","TAKE ON X MLBB","ANIME","https://github.com/Sparkies01/mlbb-intro/releases/download/v4.1.3-images/130_image.webp","https://github.com/Sparkies01/mlbb-intro/releases/download/v4.1.3/130_TAKT.OP.X.MLBB.zip","https://github.com/Sparkies01/mlbb-intro/releases/download/v4.1.3-previews/131_preview.mp4","mode_public","1414","2407","232"
"129","MLBB X SQUID GAME","TIKTOK","https://github.com/Sparkies01/mlbb-intro/releases/download/v4.1.3-images/129_image.jpg","https://github.com/Sparkies01/mlbb-intro/releases/download/v4.1.3/129_MLBB.X.SQUID.GAME.zip","https://github.com/Sparkies01/mlbb-intro/releases/download/v4.1.3-previews/129_preview.mp4","mode_public","2851","4417","270"
"128","MLBB","TIKTOK","https://github.com/Sparkies01/mlbb-intro/releases/download/v4.1.3-images/128_image.jpg","https://github.com/Sparkies01/mlbb-intro/releases/download/v4.1.3/128_MLBB.X.PARGOY.TINGKAT.DEWA.zip","https://github.com/Sparkies01/mlbb-intro/releases/download/v4.1.3-previews/128_preview.mp4","mode_public","73990","66323","12636"
"127","MLBB X OPI","SPORT","https://github.com/Sparkies01/mlbb-intro/releases/download/v4.1.3-images/127_image.png","https://github.com/Sparkies01/mlbb-intro/releases/download/v4.1.3/127_MLBB.X.OPI.zip","https://github.com/Sparkies01/mlbb-intro/releases/download/v4.1.3-previews/127_preview.mp4","mode_public","18813","9898","708"
"126","MLBB X OPI","TIKTOK","https://github.com/Sparkies01/mlbb-intro/releases/download/v4.1.3-images/127_image.png","https://github.com/Sparkies01/mlbb-intro/releases/download/v4.1.3/127_MLBB.X.OPI.zip","https://github.com/Sparkies01/mlbb-intro/releases/download/v4.1.3-previews/127_preview.mp4","mode_public","13626","7019","554"
"125","MLBB X ONE PIECE X DEMON SLAYER","ANIME","https://github.com/Sparkies01/mlbb-intro/releases/download/v4.1.3-images/125_image.jpg","https://github.com/Sparkies01/mlbb-intro/releases/download/v4.1.3/125_MLBB.X.ONE.PIECE.X.DEMON.SLAYER.zip","https://github.com/Sparkies01/mlbb-intro/releases/download/v4.1.3-previews/125_preview.mp4","mode_public","4248","5820","508"
"124","MLBB X COF","GAME","https://github.com/Sparkies01/mlbb-intro/releases/download/v4.1.3-images/124_image.jpg","https://github.com/Sparkies01/mlbb-intro/releases/download/v4.1.3/124_MLBB.X.KOF.zip","https://github.com/Sparkies01/mlbb-intro/releases/download/v4.1.3-previews/124_preview.mp4","mode_public","22519","16775","5225"
"123","MLBB X ARCANE","GAME","https://github.com/Sparkies01/mlbb-intro/releases/download/v4.1.3-images/fallback_GAME.png","https://github.com/Sparkies01/mlbb-intro/releases/download/v4.1.3/123_MLBB.X.ARCANE.zip","https://github.com/Sparkies01/mlbb-intro/releases/download/v4.1.3-previews/123_preview.mp4","mode_public","688","1922","103"
"122","MLBB X ALL ANIME SERIES","ANIME","https://github.com/Sparkies01/mlbb-intro/releases/download/v4.1.3-images/122_image.jpg","https://github.com/Sparkies01/mlbb-intro/releases/download/v4.1.3/122_MLBB.X.ALL.ANIME.SERIES.zip","","mode_public","2091","18144","464"
"121","MLBB X ANIME MOVIE","ANIME","https://github.com/Sparkies01/mlbb-intro/releases/download/v4.1.3-images/fallback_ANIME.png","https://github.com/Sparkies01/mlbb-intro/releases/download/v4.1.3/121_MLBB.X.ANIME.MOVIE.zip","https://github.com/Sparkies01/mlbb-intro/releases/download/v4.1.3-previews/121_preview.mp4","mode_public","3112","5295","914"
"120","INTRO WISE WORDS ML","TIKTOK","https://github.com/Sparkies01/mlbb-intro/releases/download/v4.1.3-images/120_image.jpg","https://github.com/Sparkies01/mlbb-intro/releases/download/v4.1.3/120_INTRO.KATA.KATA.BIJAK.ML.zip","https://github.com/Sparkies01/mlbb-intro/releases/download/v4.1.3-previews/120_preview.mp4","mode_public","11099","23423","675"
"119","MLBB X MIERUKO CHAN","ANIME","https://github.com/Sparkies01/mlbb-intro/releases/download/v4.1.3-images/119_image.jpg","https://github.com/Sparkies01/mlbb-intro/releases/download/v4.1.3/119_MLBB.X.MIERUKO.CHAN.zip","https://github.com/Sparkies01/mlbb-intro/releases/download/v4.1.3-previews/119_preview.mp4","mode_public","860","2813","105"
"118","MARJAN X MLBB","TIKTOK","https://github.com/Sparkies01/mlbb-intro/releases/download/v4.1.3-images/118_image.webp","https://github.com/Sparkies01/mlbb-intro/releases/download/v4.1.3/118_MARJAN.X.MLBB.zip","https://github.com/Sparkies01/mlbb-intro/releases/download/v4.1.3-previews/118_preview.mp4","mode_public","3309","6154","211"
"117","LET'S LOVE ANIME X MLBB","ANIME","https://github.com/Sparkies01/mlbb-intro/releases/download/v4.1.3-images/117_image.webp","https://github.com/Sparkies01/mlbb-intro/releases/download/v4.1.3/117_MARI.BERCINTA.ANIME.X.MLBB.zip","https://github.com/Sparkies01/mlbb-intro/releases/download/v4.1.3-previews/117_preview.mp4","mode_public","1814","1785","467"
"116","MAJISUKA GAKUEN X MLBB","TIKTOK","https://github.com/Sparkies01/mlbb-intro/releases/download/v4.1.3-images/116_image.webp","https://github.com/Sparkies01/mlbb-intro/releases/download/v4.1.3/116_MAJISUKA.GAKUEN.X.MLBB.zip","https://github.com/Sparkies01/mlbb-intro/releases/download/v4.1.3-previews/116_preview.mp4","mode_public","1718","3944","175"
"115","MLBB X MAGE","GAME","https://github.com/Sparkies01/mlbb-intro/releases/download/v4.1.3-images/115_image.webp","https://github.com/Sparkies01/mlbb-intro/releases/download/v4.1.3/115_MLBB.X.MAGE.zip","https://github.com/Sparkies01/mlbb-intro/releases/download/v4.1.3-previews/115_preview.mp4","mode_public","2255","1579","367"
"114","MLBB X MAGE","HERO","https://github.com/Sparkies01/mlbb-intro/releases/download/v4.1.3-images/115_image.webp","https://github.com/Sparkies01/mlbb-intro/releases/download/v4.1.3/115_MLBB.X.MAGE.zip","https://github.com/Sparkies01/mlbb-intro/releases/download/v4.1.3-previews/115_preview.mp4","mode_public","8351","5271","1506"
"113","LATEST MLBB X ALL ANIME","HD_4K","https://github.com/Sparkies01/mlbb-intro/releases/download/v4.1.3-images/113_image.jpg","https://github.com/Sparkies01/mlbb-intro/releases/download/v4.1.3/113_MLBB.X.ALL.ANIME.TERBARU.zip","https://github.com/Sparkies01/mlbb-intro/releases/download/v4.1.3-previews/113_preview.mp4","mode_public","32754","23624","6067"
"112","LATEST MLBB X ALL ANIME","ANIME","https://github.com/Sparkies01/mlbb-intro/releases/download/v4.1.3-images/113_image.jpg","https://github.com/Sparkies01/mlbb-intro/releases/download/v4.1.3/113_MLBB.X.ALL.ANIME.TERBARU.zip","https://github.com/Sparkies01/mlbb-intro/releases/download/v4.1.3-previews/113_preview.mp4","mode_public","21992","15147","3035"
"111","NOT JUST YOU, MY BOYFRIEND (UNA)","TIKTOK","https://github.com/Sparkies01/mlbb-intro/releases/download/v4.1.3-images/111_image.jpg","https://github.com/Sparkies01/mlbb-intro/releases/download/v4.1.3/111_GAK.CUMAN.KAMU.PACARKU.UNA.zip","https://github.com/Sparkies01/mlbb-intro/releases/download/v4.1.3-previews/111_preview.mp4","mode_public","16913","8169","1240"
"110","ATTACK ON TITAN","HD_4K","https://github.com/Sparkies01/mlbb-intro/releases/download/v4.1.3-images/110_image.jpg","https://github.com/Sparkies01/mlbb-intro/releases/download/v4.1.3/110_ATTACK.ON.TITAN.X.JUJUTSU.KAISEN.zip","https://github.com/Sparkies01/mlbb-intro/releases/download/v4.1.3-previews/110_preview.mp4","mode_public","8102","4476","1514"
"109","ATTACK ON TITAN","ANIME","https://github.com/Sparkies01/mlbb-intro/releases/download/v4.1.3-images/110_image.jpg","https://github.com/Sparkies01/mlbb-intro/releases/download/v4.1.3/110_ATTACK.ON.TITAN.X.JUJUTSU.KAISEN.zip","https://github.com/Sparkies01/mlbb-intro/releases/download/v4.1.3-previews/110_preview.mp4","mode_public","5912","2854","836"
"108","515 STUN X 515 M-WORD","TIKTOK","https://github.com/Sparkies01/mlbb-intro/releases/download/v4.1.3-images/108_image.jpg","https://github.com/Sparkies01/mlbb-intro/releases/download/v4.1.3/108_515.STUN.X.515.M-WORD.zip","https://github.com/Sparkies01/mlbb-intro/releases/download/v4.1.3-previews/108_preview.mp4","mode_public","3109","4419","232"
"107","515 STUN X 515 M-WORD","GAME","https://github.com/Sparkies01/mlbb-intro/releases/download/v4.1.3-images/108_image.jpg","https://github.com/Sparkies01/mlbb-intro/releases/download/v4.1.3/108_515.STUN.X.515.M-WORD.zip","https://github.com/Sparkies01/mlbb-intro/releases/download/v4.1.3-previews/108_preview.mp4","mode_public","2629","3958","453"
"106","DO NOT PUSH CALL ME AGAIN","TIKTOK","https://github.com/Sparkies01/mlbb-intro/releases/download/v4.1.3-images/106_image.jpg","https://github.com/Sparkies01/mlbb-intro/releases/download/v4.1.3/106_JANGAN.NELPON.GW.LAGI.PUSH.zip","https://github.com/Sparkies01/mlbb-intro/releases/download/v4.1.3-previews/106_preview.mp4","mode_public","34320","41391","2590"
"103","MLBB X IS A BUYER","TIKTOK","https://github.com/Sparkies01/mlbb-intro/releases/download/v4.1.3-images/103_image.jpg","https://github.com/Sparkies01/mlbb-intro/releases/download/v4.1.3/103_MLBB.X.UNA.TEKI.TEKI.zip","https://github.com/Sparkies01/mlbb-intro/releases/download/v4.1.3-previews/103_preview.mp4","mode_public","7035","6858","548"
"102","LOADING ML X SIESTA FULL SCREEN","ANIME","https://github.com/Sparkies01/mlbb-intro/releases/download/v4.1.3-images/102_image.jpg","https://github.com/Sparkies01/mlbb-intro/releases/download/v4.1.3/102_LOADING.ML.X.SIESTA.FULL.SCREEN.zip","","mode_public","2941","14665","382"
"101","LOADING ML X SADFIRA VIRAL TIKTOK","TIKTOK","https://github.com/Sparkies01/mlbb-intro/releases/download/v4.1.3-images/101_image.jpg","https://github.com/Sparkies01/mlbb-intro/releases/download/v4.1.3/101_LOADING.ML.X.SADFIRA.VIRAL.TIKTOK.zip","https://github.com/Sparkies01/mlbb-intro/releases/download/v4.1.3-previews/101_preview.mp4","mode_public","15038","9761","1855"
"100","LOADING ML NAYEON DOESN'T HAVE ANY MEDICINE","TIKTOK","https://github.com/Sparkies01/mlbb-intro/releases/download/v4.1.3-images/100_image.jpg","https://github.com/Sparkies01/mlbb-intro/releases/download/v4.1.3/100_LOADING.ML.NAYEON.GK.ADA.OBAT.EMANG.zip","https://github.com/Sparkies01/mlbb-intro/releases/download/v4.1.3-previews/100_preview.mp4","mode_public","7968","5836","593"
"99","ANIME MIX X MLBB","ANIME","https://github.com/Sparkies01/mlbb-intro/releases/download/v4.1.3-images/99_image.png","https://github.com/Sparkies01/mlbb-intro/releases/download/v4.1.3/99_ANIME.MIX.X.MLBB.zip","https://github.com/Sparkies01/mlbb-intro/releases/download/v4.1.3-previews/99_preview.mp4","mode_public","4722","9225","611"
"98","MLBB","TIKTOK","https://github.com/Sparkies01/mlbb-intro/releases/download/v4.1.3-images/98_image.png","https://github.com/Sparkies01/mlbb-intro/releases/download/v4.1.3/98_MLBB.X.TERBILA.BILA.zip","https://github.com/Sparkies01/mlbb-intro/releases/download/v4.1.3-previews/98_preview.mp4","mode_public","315604","376187","166108"
"97","MLBB MY TEAM","HERO","https://github.com/Sparkies01/mlbb-intro/releases/download/v4.1.3-images/97_image.png","https://github.com/Sparkies01/mlbb-intro/releases/download/v4.1.3/97_MLBB.MY.TEAM.zip","https://github.com/Sparkies01/mlbb-intro/releases/download/v4.1.3-previews/97_preview.mp4","mode_public","56797","50511","10662"
"96","MLBB MY TEAM","GAME","https://github.com/Sparkies01/mlbb-intro/releases/download/v4.1.3-images/97_image.png","https://github.com/Sparkies01/mlbb-intro/releases/download/v4.1.3/97_MLBB.MY.TEAM.zip","https://github.com/Sparkies01/mlbb-intro/releases/download/v4.1.3-previews/97_preview.mp4","mode_public","10774","9967","1516"
"95","LOADING ML X LYCORIS RECOIL","ANIME","https://github.com/Sparkies01/mlbb-intro/releases/download/v4.1.3-images/95_image.png","https://github.com/Sparkies01/mlbb-intro/releases/download/v4.1.3/95_LOADING.ML.X.LYCORIS.RECOIL.zip","https://github.com/Sparkies01/mlbb-intro/releases/download/v4.1.3-previews/95_preview.mp4","mode_public","1973","4057","396"
"94","MLBB X LOLICON STYLE VIRAL ON TICKTOK","TIKTOK","https://github.com/Sparkies01/mlbb-intro/releases/download/v4.1.3-images/94_image.jpg","https://github.com/Sparkies01/mlbb-intro/releases/download/v4.1.3/94_MLBB.X.LOLICON.STYLE.VIRAL.TIKTOK.zip","https://github.com/Sparkies01/mlbb-intro/releases/download/v4.1.3-previews/94_preview.mp4","mode_public","40945","16602","4217"
"93","MLBB X KURUMI BLACK & WHITE","ANIME","https://github.com/Sparkies01/mlbb-intro/releases/download/v4.1.3-images/93_image.png","https://github.com/Sparkies01/mlbb-intro/releases/download/v4.1.3/93_MLBB.X.KURUMI.BLACK.WHITE.zip","https://github.com/Sparkies01/mlbb-intro/releases/download/v4.1.3-previews/93_preview.mp4","mode_public","2577","3823","709"
"92","MLBB X JUJUTSU KAISEN NEW VERSION","ANIME","https://github.com/Sparkies01/mlbb-intro/releases/download/v4.1.3-images/92_image.png","https://github.com/Sparkies01/mlbb-intro/releases/download/v4.1.3/92_MLBB.X.JUJUTSU.KAISEN.NEW.VERSION.zip","https://github.com/Sparkies01/mlbb-intro/releases/download/v4.1.3-previews/92_preview.mp4","mode_public","15407","13200","2682"
"91","MLBB X ANIME LIGHTING","HD_4K","https://github.com/Sparkies01/mlbb-intro/releases/download/v4.1.3-images/91_image.png","https://github.com/Sparkies01/mlbb-intro/releases/download/v4.1.3/91_MLBB.X.ANIME.LIGHTING.zip","https://github.com/Sparkies01/mlbb-intro/releases/download/v4.1.3-previews/91_preview.mp4","mode_public","24923","31338","5028"
"90","MLBB X ANIME LIGHTING","ANIME","https://github.com/Sparkies01/mlbb-intro/releases/download/v4.1.3-images/91_image.png","https://github.com/Sparkies01/mlbb-intro/releases/download/v4.1.3/91_MLBB.X.ANIME.LIGHTING.zip","","mode_public","11984","57481","2065"
"89","LOADING ML X GABAGTHA","TIKTOK","https://github.com/Sparkies01/mlbb-intro/releases/download/v4.1.3-images/89_image.png","https://github.com/Sparkies01/mlbb-intro/releases/download/v4.1.3/89_LOADING.ML.X.GABAGTHA.zip","https://github.com/Sparkies01/mlbb-intro/releases/download/v4.1.3-previews/89_preview.mp4","mode_public","34388","32664","3842"
"88","MLBB X TIKTOK PAK PONG PONG","TIKTOK","https://github.com/Sparkies01/mlbb-intro/releases/download/v4.1.3-images/88_image.jpg","https://github.com/Sparkies01/mlbb-intro/releases/download/v4.1.3/88_MLBB.X.TIKTOK.PAK.PONG.PONG.zip","https://github.com/Sparkies01/mlbb-intro/releases/download/v4.1.3-previews/88_preview.mp4","mode_public","8712","10509","797"
"87","LOADING ML X ANIME COOL","HD_4K","https://github.com/Sparkies01/mlbb-intro/releases/download/v4.1.3-images/87_image.jpg","https://github.com/Sparkies01/mlbb-intro/releases/download/v4.1.3/87_LOADING.ML.X.ANIME.COOL.zip","https://github.com/Sparkies01/mlbb-intro/releases/download/v4.1.3-previews/87_preview.mp4","mode_public","5866","12408","1267"
"86","LOADING ML X ANIME COOL","ANIME","https://github.com/Sparkies01/mlbb-intro/releases/download/v4.1.3-images/87_image.jpg","https://github.com/Sparkies01/mlbb-intro/releases/download/v4.1.3/87_LOADING.ML.X.ANIME.COOL.zip","https://github.com/Sparkies01/mlbb-intro/releases/download/v4.1.3-previews/87_preview.mp4","mode_public","2908","6811","551"
"85","MOBILE LEGENDS X ALL ANIME 2022","HD_4K","https://github.com/Sparkies01/mlbb-intro/releases/download/v4.1.3-images/85_image.webp","https://github.com/Sparkies01/mlbb-intro/releases/download/v4.1.3/85_MOBILE.LEGENDS.X.ALL.ANIME.2022.zip","https://github.com/Sparkies01/mlbb-intro/releases/download/v4.1.3-previews/85_preview.mp4","mode_public","22648","15440","4724"
"84","MOBILE LEGENDS X ALL ANIME 2022","ANIME","https://github.com/Sparkies01/mlbb-intro/releases/download/v4.1.3-images/85_image.webp","https://github.com/Sparkies01/mlbb-intro/releases/download/v4.1.3/85_MOBILE.LEGENDS.X.ALL.ANIME.2022.zip","https://github.com/Sparkies01/mlbb-intro/releases/download/v4.1.3-previews/85_preview.mp4","mode_public","10241","7358","2023"
"83","GROUP X MLBB","ANIME","https://github.com/Sparkies01/mlbb-intro/releases/download/v4.1.3-images/fallback_ANIME.png","https://github.com/Sparkies01/mlbb-intro/releases/download/v4.1.3/83_KURUMI.X.MLBB.zip","https://github.com/Sparkies01/mlbb-intro/releases/download/v4.1.3-previews/83_preview.mp4","mode_public","4198","4289","1277"
"82","MLBB X NEZUKO","ANIME","https://github.com/Sparkies01/mlbb-intro/releases/download/v4.1.3-images/82_image.jpg","https://github.com/Sparkies01/mlbb-intro/releases/download/v4.1.3/82_MLBB.X.NEZUKO.zip","https://github.com/Sparkies01/mlbb-intro/releases/download/v4.1.3-previews/82_preview.mp4","mode_public","2136","1586","201"
"81","WORDS FOR THE EPIC","TIKTOK","https://github.com/Sparkies01/mlbb-intro/releases/download/v4.1.3-images/81_image.png","https://github.com/Sparkies01/mlbb-intro/releases/download/v4.1.3/81_KATA.KATA.BUAT.PARA.EPIC.zip","https://github.com/Sparkies01/mlbb-intro/releases/download/v4.1.3-previews/81_preview.mp4","mode_public","13474","5839","953"
"80","KANNA HASHIMOTO X MLBB","TIKTOK","https://github.com/Sparkies01/mlbb-intro/releases/download/v4.1.3-images/80_image.jpg","https://github.com/Sparkies01/mlbb-intro/releases/download/v4.1.3/80_KANNA.HASHIMOTO.X.MLBB.zip","https://github.com/Sparkies01/mlbb-intro/releases/download/v4.1.3-previews/80_preview.mp4","mode_public","2999","3571","279"
"79","KAGUYASAMA X MLBB","ANIME","https://github.com/Sparkies01/mlbb-intro/releases/download/v4.1.3-images/79_image.jpg","https://github.com/Sparkies01/mlbb-intro/releases/download/v4.1.3/79_KAGUYASAMA.X.MLBB.zip","https://github.com/Sparkies01/mlbb-intro/releases/download/v4.1.3-previews/79_preview.mp4","mode_public","814","720","95"
"78","KAGURA WANGY X MLBB","GAME","https://github.com/Sparkies01/mlbb-intro/releases/download/v4.1.3-images/78_image.jpg","https://github.com/Sparkies01/mlbb-intro/releases/download/v4.1.3/78_KAGURA.WANGY.X.MLBB.zip","","mode_public","4009","27780","710"
"77","KAGURA WANGY X MLBB","HERO","https://github.com/Sparkies01/mlbb-intro/releases/download/v4.1.3-images/78_image.jpg","https://github.com/Sparkies01/mlbb-intro/releases/download/v4.1.3/78_KAGURA.WANGY.X.MLBB.zip","https://github.com/Sparkies01/mlbb-intro/releases/download/v4.1.3-previews/77_preview.mp4","mode_public","2290","5434","361"
"76","MLBB X JUTINAXIE","TIKTOK","https://github.com/Sparkies01/mlbb-intro/releases/download/v4.1.3-images/76_image.png","https://github.com/Sparkies01/mlbb-intro/releases/download/v4.1.3/76_MLBB.X.JUTINAXIE.zip","https://github.com/Sparkies01/mlbb-intro/releases/download/v4.1.3-previews/76_preview.mp4","mode_public","3763","7333","414"
"75","JUJUTSU","ANIME","https://github.com/Sparkies01/mlbb-intro/releases/download/v4.1.3-images/75_image.jpg","https://github.com/Sparkies01/mlbb-intro/releases/download/v4.1.3/75_JUJUTSU.X.NARUTO.zip","https://github.com/Sparkies01/mlbb-intro/releases/download/v4.1.3-previews/75_preview.mp4","mode_public","4724","6648","970"
"74","JUJUTSU KAISEN PLAY THE GALAXY","HD_4K","https://github.com/Sparkies01/mlbb-intro/releases/download/v4.1.3-images/74_image.png","https://github.com/Sparkies01/mlbb-intro/releases/download/v4.1.3/74_JUJUTSU.KAISEN.SPIL.THE.GALAXY.zip","https://github.com/Sparkies01/mlbb-intro/releases/download/v4.1.3-previews/74_preview.mp4","mode_public","25982","29932","6391"
"73","JUJUTSU KAISEN PLAY THE GALAXY","ANIME","https://github.com/Sparkies01/mlbb-intro/releases/download/v4.1.3-images/74_image.png","https://github.com/Sparkies01/mlbb-intro/releases/download/v4.1.3/74_JUJUTSU.KAISEN.SPIL.THE.GALAXY.zip","https://github.com/Sparkies01/mlbb-intro/releases/download/v4.1.3-previews/74_preview.mp4","mode_public","12510","15570","2672"
"72","MLBB X TOKYO REVENGERS","ANIME","https://github.com/Sparkies01/mlbb-intro/releases/download/v4.1.3-images/72_image.jpg","https://github.com/Sparkies01/mlbb-intro/releases/download/v4.1.3/72_MLBB.X.TOKYO.REVENGERS.zip","https://github.com/Sparkies01/mlbb-intro/releases/download/v4.1.3-previews/72_preview.mp4","mode_public","11570","8575","2032"
"71","INTRO TATE NO YUUSHA","ANIME","https://github.com/Sparkies01/mlbb-intro/releases/download/v4.1.3-images/71_image.png","https://github.com/Sparkies01/mlbb-intro/releases/download/v4.1.3/71_INTRO.TATE.NO.YUUSHA.X.MLBB.zip","https://github.com/Sparkies01/mlbb-intro/releases/download/v4.1.3-previews/71_preview.3gp","mode_public","463","1061","114"
"70","SOLO LEVELING X MLBB","ANIME","https://github.com/Sparkies01/mlbb-intro/releases/download/v4.1.3-images/70_image.webp","https://github.com/Sparkies01/mlbb-intro/releases/download/v4.1.3/70_SOLO.LEVELING.X.MLBB.zip","https://github.com/Sparkies01/mlbb-intro/releases/download/v4.1.3-previews/70_preview.mp4","mode_public","6137","7661","1701"
"69","MLBB X RRQ HOSHI M3","SPORT","https://github.com/Sparkies01/mlbb-intro/releases/download/v4.1.3-images/fallback_SPORT.png","https://github.com/Sparkies01/mlbb-intro/releases/download/v4.1.3/69_MLBB.X.RRQ.HOSHI.M3.zip","https://github.com/Sparkies01/mlbb-intro/releases/download/v4.1.3-previews/69_preview.mp4","mode_public","32413","6466","4649"
"68","MLBB X ONE PIECE","ANIME","https://github.com/Sparkies01/mlbb-intro/releases/download/v4.1.3-images/68_image.jpg","https://github.com/Sparkies01/mlbb-intro/releases/download/v4.1.3/68_MLBB.X.ONE.PIECE.zip","https://github.com/Sparkies01/mlbb-intro/releases/download/v4.1.3-previews/68_preview.3gp","mode_public","9318","9236","1338"
"67","MLBB X NORGAMI","ANIME","https://github.com/Sparkies01/mlbb-intro/releases/download/v4.1.3-images/67_image.jpg","https://github.com/Sparkies01/mlbb-intro/releases/download/v4.1.3/67_MLBB.X.NORAGAMI.zip","https://github.com/Sparkies01/mlbb-intro/releases/download/v4.1.3-previews/67_preview.mp4","mode_public","2728","4003","512"
"66","BORUTO","ANIME","https://github.com/Sparkies01/mlbb-intro/releases/download/v4.1.3-images/66_image.jpg","https://github.com/Sparkies01/mlbb-intro/releases/download/v4.1.3/66_BORUTO.X.NARUTO.MLBB.zip","https://github.com/Sparkies01/mlbb-intro/releases/download/v4.1.3-previews/66_preview.3gp","mode_public","12236","12129","4152"
"65","THIS IS THE HIJAB VERSION OF I AM THE KING OF MEXICO","TIKTOK","https://github.com/Sparkies01/mlbb-intro/releases/download/v4.1.3-images/65_image.png","https://github.com/Sparkies01/mlbb-intro/releases/download/v4.1.3/65_INI.ADALAH.AKU.RAJA.MEKSIKO.VERSI.HIJAB.zip","https://github.com/Sparkies01/mlbb-intro/releases/download/v4.1.3-previews/65_preview.mp4","mode_public","4738","4189","365"
"64","THIS IS ME THE KING OF MEXICO","TIKTOK","https://github.com/Sparkies01/mlbb-intro/releases/download/v4.1.3-images/64_image.png","https://github.com/Sparkies01/mlbb-intro/releases/download/v4.1.3/64_INI.ADALAH.AKU.RAJA.MEKSIKO.zip","https://github.com/Sparkies01/mlbb-intro/releases/download/v4.1.3-previews/64_preview.mp4","mode_public","7213","6538","725"
"63","MLBB X WIBU V2","TIKTOK","https://github.com/Sparkies01/mlbb-intro/releases/download/v4.1.3-images/63_image.png","https://github.com/Sparkies01/mlbb-intro/releases/download/v4.1.3/63_MLBB.X.WIBU.V2.zip","","mode_public","4478","39257","333"
"62","MLBB X WEISSCHNEE (WRBY)","ANIME","https://github.com/Sparkies01/mlbb-intro/releases/download/v4.1.3-images/62_image.jpg","https://github.com/Sparkies01/mlbb-intro/releases/download/v4.1.3/62_MLBB.X.WEISSCHNEE.WRBY.zip","https://github.com/Sparkies01/mlbb-intro/releases/download/v4.1.3-previews/62_preview.mp4","mode_public","1433","2730","165"
"61","HIJAB GIRL X MLBB","TIKTOK","https://github.com/Sparkies01/mlbb-intro/releases/download/v4.1.3-images/61_image.jpg","https://github.com/Sparkies01/mlbb-intro/releases/download/v4.1.3/61_CEWEK.HIJAB.X.MLBB.zip","https://github.com/Sparkies01/mlbb-intro/releases/download/v4.1.3-previews/61_preview.mp4","mode_public","16807","9808","1623"
"60","LOADING MLBB X DR STONE","ANIME","https://github.com/Sparkies01/mlbb-intro/releases/download/v4.1.3-images/60_image.jpg","https://github.com/Sparkies01/mlbb-intro/releases/download/v4.1.3/60_LOADING.MLBB.X.DR.STONE.zip","https://github.com/Sparkies01/mlbb-intro/releases/download/v4.1.3-previews/60_preview.mp4","mode_public","478","804","57"
"59","INTRO ML X CHUUNIBYOU","ANIME","https://github.com/Sparkies01/mlbb-intro/releases/download/v4.1.3-images/59_image.jpg","https://github.com/Sparkies01/mlbb-intro/releases/download/v4.1.3/59_INTRO.ML.X.CHUUNIBYOU.zip","https://github.com/Sparkies01/mlbb-intro/releases/download/v4.1.3-previews/59_preview.mp4","mode_public","1167","2897","339"
"58","MLBB X CUSTOMER","ANIME","https://github.com/Sparkies01/mlbb-intro/releases/download/v4.1.3-images/58_image.jpg","https://github.com/Sparkies01/mlbb-intro/releases/download/v4.1.3/58_MLBB.X.MIKU.NAKANO.zip","https://github.com/Sparkies01/mlbb-intro/releases/download/v4.1.3-previews/58_preview.mp4","mode_public","4037","4679","894"
"57","MLBB X KIMI NO HOW MUCH","ANIME","https://github.com/Sparkies01/mlbb-intro/releases/download/v4.1.3-images/57_image.png","https://github.com/Sparkies01/mlbb-intro/releases/download/v4.1.3/57_MLBB.X.KIMI.NO.NAWA.zip","https://github.com/Sparkies01/mlbb-intro/releases/download/v4.1.3-previews/57_preview.mp4","mode_public","2402","3632","274"
"56","MLBB X KIMETSU NO YAIBA S2","ANIME","https://github.com/Sparkies01/mlbb-intro/releases/download/v4.1.3-images/56_image.webp","https://github.com/Sparkies01/mlbb-intro/releases/download/v4.1.3/56_MLBB.X.KIMETSU.NO.YAIBA.S2.zip","https://github.com/Sparkies01/mlbb-intro/releases/download/v4.1.3-previews/56_preview.mp4","mode_public","2182","2393","125"
"55","MLBB X HIGH SCHOOL DXD","ANIME","https://github.com/Sparkies01/mlbb-intro/releases/download/v4.1.3-images/55_image.jpg","https://github.com/Sparkies01/mlbb-intro/releases/download/v4.1.3/55_MLBB.X.HIGH.SCHOOL.DXD.zip","https://github.com/Sparkies01/mlbb-intro/releases/download/v4.1.3-previews/55_preview.mp4","mode_public","1101","2464","176"
"54","INTRO FIRE FORCE","ANIME","https://github.com/Sparkies01/mlbb-intro/releases/download/v4.1.3-images/54_image.jpg","https://github.com/Sparkies01/mlbb-intro/releases/download/v4.1.3/54_INTRO.FIRE.FORCE.zip","https://github.com/Sparkies01/mlbb-intro/releases/download/v4.1.3-previews/54_preview.mp4","mode_public","477","919","73"
"53","MLBB X FIGHTER SLOWMO","HERO","https://github.com/Sparkies01/mlbb-intro/releases/download/v4.1.3-images/53_image.jpg","https://github.com/Sparkies01/mlbb-intro/releases/download/v4.1.3/53_MLBB.X.FIGHTER.SLOWMO.zip","https://github.com/Sparkies01/mlbb-intro/releases/download/v4.1.3-previews/53_preview.mp4","mode_public","19906","19370","4854"
"52","MLBB X FIGHTER SLOWMO","GAME","https://github.com/Sparkies01/mlbb-intro/releases/download/v4.1.3-images/52_image.jpg","https://github.com/Sparkies01/mlbb-intro/releases/download/v4.1.3/53_MLBB.X.FIGHTER.SLOWMO.zip","https://github.com/Sparkies01/mlbb-intro/releases/download/v4.1.3-previews/53_preview.mp4","mode_public","3597","5461","681"
"51","ML X FAIRY TAIL","ANIME","https://github.com/Sparkies01/mlbb-intro/releases/download/v4.1.3-images/51_image.jpg","https://github.com/Sparkies01/mlbb-intro/releases/download/v4.1.3/51_ML.X.FAIRY.TAIL.zip","https://github.com/Sparkies01/mlbb-intro/releases/download/v4.1.3-previews/51_preview.mp4","mode_public","952","1788","135"
"50","MLBB X AN EVOS","SPORT","https://github.com/Sparkies01/mlbb-intro/releases/download/v4.1.3-images/50_image.jpg","https://github.com/Sparkies01/mlbb-intro/releases/download/v4.1.3/50_MLBB.X.UNA.EVOS.zip","https://github.com/Sparkies01/mlbb-intro/releases/download/v4.1.3-previews/50_preview.mp4","mode_public","15075","10186","1303"
"49","MLBB X AN EVOS","TIKTOK","https://github.com/Sparkies01/mlbb-intro/releases/download/v4.1.3-images/50_image.jpg","https://github.com/Sparkies01/mlbb-intro/releases/download/v4.1.3/50_MLBB.X.UNA.EVOS.zip","https://github.com/Sparkies01/mlbb-intro/releases/download/v4.1.3-previews/50_preview.mp4","mode_public","6067","5810","987"
"48","INTRO EVOS NOT NOT","SPORT","https://github.com/Sparkies01/mlbb-intro/releases/download/v4.1.3-images/48_image.jpg","https://github.com/Sparkies01/mlbb-intro/releases/download/v4.1.3/48_INTRO.EVOS.NOT.NOT.zip","https://github.com/Sparkies01/mlbb-intro/releases/download/v4.1.3-previews/48_preview.mp4","mode_public","16284","8256","1011"
"47","INTRO EVOS NOT NOT","TIKTOK","https://github.com/Sparkies01/mlbb-intro/releases/download/v4.1.3-images/48_image.jpg","https://github.com/Sparkies01/mlbb-intro/releases/download/v4.1.3/48_INTRO.EVOS.NOT.NOT.zip","","mode_public","8032","52638","612"
"46","INTRO DARLING IN THE FRANX","ANIME","https://github.com/Sparkies01/mlbb-intro/releases/download/v4.1.3-images/46_image.png","https://github.com/Sparkies01/mlbb-intro/releases/download/v4.1.3/46_INTRO.DARLING.IN.THE.FRANX.zip","https://github.com/Sparkies01/mlbb-intro/releases/download/v4.1.3-previews/46_preview.3gp","mode_public","1109","2182","233"
"45","MLB X GEEK FAM","SPORT","https://github.com/Sparkies01/mlbb-intro/releases/download/v4.1.3-images/45_image.jpg","https://github.com/Sparkies01/mlbb-intro/releases/download/v4.1.3/45_MLB.X.GEEK.FAM.zip","https://github.com/Sparkies01/mlbb-intro/releases/download/v4.1.3-previews/45_preview.mp4","mode_public","3984","2484","404"
"44","MLBB X EVOS LEGENDS","SPORT","https://github.com/Sparkies01/mlbb-intro/releases/download/v4.1.3-images/fallback_SPORT.png","https://github.com/Sparkies01/mlbb-intro/releases/download/v4.1.3/44_MLBB.X.EVOS.LEGENDS.zip","https://github.com/Sparkies01/mlbb-intro/releases/download/v4.1.3-previews/44_preview.mp4","mode_public","19147","12426","2437"
"43","MLBB X BTR ALPHA","SPORT","https://github.com/Sparkies01/mlbb-intro/releases/download/v4.1.3-images/43_image.jpg","https://github.com/Sparkies01/mlbb-intro/releases/download/v4.1.3/43_MLBB.X.BTR.ALPHA.zip","https://github.com/Sparkies01/mlbb-intro/releases/download/v4.1.3-previews/43_preview.mp4","mode_public","2204","1373","282"
"42","MLBB X AURA FIRE","SPORT","https://github.com/Sparkies01/mlbb-intro/releases/download/v4.1.3-images/42_image.jpg","https://github.com/Sparkies01/mlbb-intro/releases/download/v4.1.3/42_MLBB.X.AURA.FIRE.zip","https://github.com/Sparkies01/mlbb-intro/releases/download/v4.1.3-previews/42_preview.mp4","mode_public","1472","2274","169"
"41","MLBB X ALTER EGO","SPORT","https://github.com/Sparkies01/mlbb-intro/releases/download/v4.1.3-images/fallback_SPORT.png","https://github.com/Sparkies01/mlbb-intro/releases/download/v4.1.3/41_MLBB.X.ALTER.EGO.zip","https://github.com/Sparkies01/mlbb-intro/releases/download/v4.1.3-previews/41_preview.mp4","mode_public","21801","13640","1923"
"40","MLBB X RRQ HOSHI","SPORT","https://github.com/Sparkies01/mlbb-intro/releases/download/v4.1.3-images/40_image.jpg","https://github.com/Sparkies01/mlbb-intro/releases/download/v4.1.3/40_MLBB.X.RRQ.HOSHI.zip","https://github.com/Sparkies01/mlbb-intro/releases/download/v4.1.3-previews/40_preview.mp4","mode_public","43134","26172","6007"
"39","LOADING ML DANCING ZERO TWO","GAME","https://github.com/Sparkies01/mlbb-intro/releases/download/v4.1.3-images/39_image.jpg","https://github.com/Sparkies01/mlbb-intro/releases/download/v4.1.3/39_LOADING.ML.DANCING.ZERO.TWO.zip","https://github.com/Sparkies01/mlbb-intro/releases/download/v4.1.3-previews/39_preview.3gp","mode_public","4039","2818","264"
"38","LOADING ML DANCING ZERO TWO","ANIME","https://github.com/Sparkies01/mlbb-intro/releases/download/v4.1.3-images/39_image.jpg","https://github.com/Sparkies01/mlbb-intro/releases/download/v4.1.3/39_LOADING.ML.DANCING.ZERO.TWO.zip","https://github.com/Sparkies01/mlbb-intro/releases/download/v4.1.3-previews/39_preview.3gp","mode_public","2812","2044","147"
"37","MLBB X ATTACK ON TITAN S4","ANIME","https://github.com/Sparkies01/mlbb-intro/releases/download/v4.1.3-images/37_image.jpg","https://github.com/Sparkies01/mlbb-intro/releases/download/v4.1.3/37_MLBB.X.ATTACK.ON.TITAN.S4.zip","https://github.com/Sparkies01/mlbb-intro/releases/download/v4.1.3-previews/37_preview.mp4","mode_public","5486","5230","1191"
"36","MLBB X ATTACK ON TITAN S4","HD_4K","https://github.com/Sparkies01/mlbb-intro/releases/download/v4.1.3-images/37_image.jpg","https://github.com/Sparkies01/mlbb-intro/releases/download/v4.1.3/37_MLBB.X.ATTACK.ON.TITAN.S4.zip","https://github.com/Sparkies01/mlbb-intro/releases/download/v4.1.3-previews/37_preview.mp4","mode_public","9895","8137","1986"
"35","LOADING SCREEN ML ASUKA TANAKA","ANIME","https://github.com/Sparkies01/mlbb-intro/releases/download/v4.1.3-images/35_image.webp","https://github.com/Sparkies01/mlbb-intro/releases/download/v4.1.3/35_LOADING.SCREEN.ML.ASUKA.TANAKA.zip","https://github.com/Sparkies01/mlbb-intro/releases/download/v4.1.3-previews/35_preview.mp4","mode_public","1840","2141","358"
"34","INTRO ANIME 2022","ANIME","https://github.com/Sparkies01/mlbb-intro/releases/download/v4.1.3-images/34_image.png","https://github.com/Sparkies01/mlbb-intro/releases/download/v4.1.3/34_INTRO.ANIME.2022.zip","https://github.com/Sparkies01/mlbb-intro/releases/download/v4.1.3-previews/34_preview.mp4","mode_public","818","2410","233"
"33","AKAME GA KILL X MLBB","ANIME","https://github.com/Sparkies01/mlbb-intro/releases/download/v4.1.3-images/fallback_ANIME.png","https://github.com/Sparkies01/mlbb-intro/releases/download/v4.1.3/33_AKAME.GA.KILL.X.MLBB.zip","https://github.com/Sparkies01/mlbb-intro/releases/download/v4.1.3-previews/33_preview.3gp","mode_public","879","692","137"
"32","LOADING SCREEN ML MLBB HERO VERSION","HERO","https://github.com/Sparkies01/mlbb-intro/releases/download/v4.1.3-images/32_image.jpg","https://github.com/Sparkies01/mlbb-intro/releases/download/v4.1.3/32_LOADING.SCREEN.ML.VERSI.HERO.MLBB.zip","https://github.com/Sparkies01/mlbb-intro/releases/download/v4.1.3-previews/32_preview.mp4","mode_public","16176","18721","4279"
"31","LOADING SCREEN ML MLBB HERO VERSION","GAME","https://github.com/Sparkies01/mlbb-intro/releases/download/v4.1.3-images/32_image.jpg","https://github.com/Sparkies01/mlbb-intro/releases/download/v4.1.3/32_LOADING.SCREEN.ML.VERSI.HERO.MLBB.zip","https://github.com/Sparkies01/mlbb-intro/releases/download/v4.1.3-previews/32_preview.mp4","mode_public","5227","6228","1068"
"30","LOADING ML GRANGER STARFALL KNIGH","HERO","https://github.com/Sparkies01/mlbb-intro/releases/download/v4.1.3-images/fallback_HERO.png","https://github.com/Sparkies01/mlbb-intro/releases/download/v4.1.3/30_LOADING.ML.GRANGER.STARFALL.KNIGH.zip","https://github.com/Sparkies01/mlbb-intro/releases/download/v4.1.3-previews/30_preview.mp4","mode_public","20555","14770","6380"
"29","LOADING ML GRANGER STARFALL KNIGH","GAME","https://github.com/Sparkies01/mlbb-intro/releases/download/v4.1.3-images/fallback_GAME.png","https://github.com/Sparkies01/mlbb-intro/releases/download/v4.1.3/30_LOADING.ML.GRANGER.STARFALL.KNIGH.zip","https://github.com/Sparkies01/mlbb-intro/releases/download/v4.1.3-previews/30_preview.mp4","mode_public","3992","3032","997"
"28","GENSHIN IMPACT X MLBB VERSION","GAME","https://github.com/Sparkies01/mlbb-intro/releases/download/v4.1.3-images/28_image.jpg","https://github.com/Sparkies01/mlbb-intro/releases/download/v4.1.3/28_GENSHIN.IMPACT.X.MLBB.VERSION.zip","https://github.com/Sparkies01/mlbb-intro/releases/download/v4.1.3-previews/28_preview.mp4","mode_public","1468","2389","276"
"27","FELISA X MLBB VIRAL ON TICKTOK","TIKTOK","https://github.com/Sparkies01/mlbb-intro/releases/download/v4.1.3-images/fallback_TIKTOK.png","https://github.com/Sparkies01/mlbb-intro/releases/download/v4.1.3/27_FELISA.X.MLBB.VIRAL.TIKTOK.zip","https://github.com/Sparkies01/mlbb-intro/releases/download/v4.1.3-previews/27_preview.mp4","mode_public","19757","18370","3071"
"26","FANNY LIVE BACKGROUND MLBB","HERO","https://github.com/Sparkies01/mlbb-intro/releases/download/v4.1.3-images/26_image.jpg","https://github.com/Sparkies01/mlbb-intro/releases/download/v4.1.3/26_FANNY.LIVE.BACKGROUND.MLBB.zip","https://github.com/Sparkies01/mlbb-intro/releases/download/v4.1.3-previews/26_preview.mp4","mode_public","2825","2323","641"
"25","FANNY LIVE BACKGROUND MLBB","GAME","https://github.com/Sparkies01/mlbb-intro/releases/download/v4.1.3-images/26_image.jpg","https://github.com/Sparkies01/mlbb-intro/releases/download/v4.1.3/26_FANNY.LIVE.BACKGROUND.MLBB.zip","https://github.com/Sparkies01/mlbb-intro/releases/download/v4.1.3-previews/26_preview.mp4","mode_public","491","571","79"
"24","DJ LOLI X MLBB","TIKTOK","https://github.com/Sparkies01/mlbb-intro/releases/download/v4.1.3-images/24_image.png","https://github.com/Sparkies01/mlbb-intro/releases/download/v4.1.3/24_DJ.LOLI.X.MLBB.zip","https://github.com/Sparkies01/mlbb-intro/releases/download/v4.1.3-previews/24_preview.mp4","mode_public","13799","6282","1337"
"23","DEMON SLAYER X MLBB Spill the Galaxy","ANIME","https://github.com/Sparkies01/mlbb-intro/releases/download/v4.1.3-images/23_image.png","https://github.com/Sparkies01/mlbb-intro/releases/download/v4.1.3/23_DEMON.SLAYER.X.MLBB.Spill.the.Galaxy.zip","https://github.com/Sparkies01/mlbb-intro/releases/download/v4.1.3-previews/23_preview.mp4","mode_public","4316","6742","873"
"22","DEMON SLAYER X MLBB Spill the Galaxy","HD_4K","https://github.com/Sparkies01/mlbb-intro/releases/download/v4.1.3-images/23_image.png","https://github.com/Sparkies01/mlbb-intro/releases/download/v4.1.3/23_DEMON.SLAYER.X.MLBB.Spill.the.Galaxy.zip","https://github.com/Sparkies01/mlbb-intro/releases/download/v4.1.3-previews/23_preview.mp4","mode_public","12126","14844","1870"
"21","MLBB X CHAINSAWMAN V2","ANIME","https://github.com/Sparkies01/mlbb-intro/releases/download/v4.1.3-images/21_image.webp","https://github.com/Sparkies01/mlbb-intro/releases/download/v4.1.3/21_MLBB.X.CHAINSAWMAN.V2.zip","https://github.com/Sparkies01/mlbb-intro/releases/download/v4.1.3-previews/21_preview.mp4","mode_public","1740","1975","147"
"20","MLBB X CHAINSAWMAN V1","ANIME","https://github.com/Sparkies01/mlbb-intro/releases/download/v4.1.3-images/20_image.jpg","https://github.com/Sparkies01/mlbb-intro/releases/download/v4.1.3/20_MLBB.X.CHAINSAWMAN.V1.zip","https://github.com/Sparkies01/mlbb-intro/releases/download/v4.1.3-previews/20_preview.mp4","mode_public","7739","3840","777"
"19","MLBB X FATE INTRO","ANIME","https://github.com/Sparkies01/mlbb-intro/releases/download/v4.1.3-images/19_image.jpg","https://github.com/Sparkies01/mlbb-intro/releases/download/v4.1.3/19_MLBB.X.FATE.INTRO.zip","https://github.com/Sparkies01/mlbb-intro/releases/download/v4.1.3-previews/19_preview.3gp","mode_public","788","5288","81"
"18","BLACKPINK X MLBB","GAME","https://github.com/Sparkies01/mlbb-intro/releases/download/v4.1.3-images/fallback_GAME.png","https://github.com/Sparkies01/mlbb-intro/releases/download/v4.1.3/18_BLACKPINK.X.MLBB.zip","https://github.com/Sparkies01/mlbb-intro/releases/download/v4.1.3-previews/18_preview.mp4","mode_public","4056","2914","648"
"17","BLACKPINK X MLBB","TIKTOK","https://github.com/Sparkies01/mlbb-intro/releases/download/v4.1.3-images/fallback_TIKTOK.png","https://github.com/Sparkies01/mlbb-intro/releases/download/v4.1.3/18_BLACKPINK.X.MLBB.zip","https://github.com/Sparkies01/mlbb-intro/releases/download/v4.1.3-previews/18_preview.mp4","mode_public","7617","4879","707"
"16","MLBB X AOT","ANIME","https://github.com/Sparkies01/mlbb-intro/releases/download/v4.1.3-images/16_image.jpg","https://github.com/Sparkies01/mlbb-intro/releases/download/v4.1.3/16_MLBB.X.AOT.zip","https://github.com/Sparkies01/mlbb-intro/releases/download/v4.1.3-previews/16_preview.3gp","mode_public","3994","18009","565"
"15","AYAKA X MLBB GENSHIN IMPACT","GAME","https://github.com/Sparkies01/mlbb-intro/releases/download/v4.1.3-images/15_image.jpg","https://github.com/Sparkies01/mlbb-intro/releases/download/v4.1.3/243_MLBB.X.AYAKA.GENSHIN.IMPACT.zip","https://github.com/Sparkies01/mlbb-intro/releases/download/v4.1.3-previews/243_preview.mp4","mode_public","2775","1610","671"
"14","PLEASE PICK A HERO LANCELOT","GAME","https://github.com/Sparkies01/mlbb-intro/releases/download/v4.1.3-images/14_image.jpg","https://github.com/Sparkies01/mlbb-intro/releases/download/v4.1.3/14_PLEASE.PICK.A.HERO.LANCELOT.zip","","mode_public","2421","21207","366"
"13","PLEASE PICK A HERO LANCELOT","HERO","https://github.com/Sparkies01/mlbb-intro/releases/download/v4.1.3-images/14_image.jpg","https://github.com/Sparkies01/mlbb-intro/releases/download/v4.1.3/14_PLEASE.PICK.A.HERO.LANCELOT.zip","","mode_public","12948","62842","3060"
"12","ARACHU X MLBB IS VIRAL ON TikTok","TIKTOK","https://github.com/Sparkies01/mlbb-intro/releases/download/v4.1.3-images/12_image.jpg","https://github.com/Sparkies01/mlbb-intro/releases/download/v4.1.3/12_ARACHU.X.MLBB.VIRAL.TIKTOK.zip","https://github.com/Sparkies01/mlbb-intro/releases/download/v4.1.3-previews/12_preview.mp4","mode_public","26502","13679","2898"
"11","ANIME X MLBB SCENARY","HD_4K","https://github.com/Sparkies01/mlbb-intro/releases/download/v4.1.3-images/11_image.png","https://github.com/Sparkies01/mlbb-intro/releases/download/v4.1.3/11_ANIME.X.MLBB.SCENARY.zip","https://github.com/Sparkies01/mlbb-intro/releases/download/v4.1.3-previews/11_preview.mp4","mode_public","25487","18134","7001"
"10","ANIME X MLBB SCENARY","ANIME","https://github.com/Sparkies01/mlbb-intro/releases/download/v4.1.3-images/11_image.png","https://github.com/Sparkies01/mlbb-intro/releases/download/v4.1.3/11_ANIME.X.MLBB.SCENARY.zip","https://github.com/Sparkies01/mlbb-intro/releases/download/v4.1.3-previews/11_preview.mp4","mode_public","5979","4615","1377"
"9","ANIME KOPLO X MLBB TIKTOK","HD_4K","https://github.com/Sparkies01/mlbb-intro/releases/download/v4.1.3-images/9_image.png","https://github.com/Sparkies01/mlbb-intro/releases/download/v4.1.3/9_ANIME.KOPLO.X.MLBB.TIKTOK.zip","https://github.com/Sparkies01/mlbb-intro/releases/download/v4.1.3-previews/9_preview.mp4","mode_public","13004","14558","2516"
"8","ANIME KOPLO X MLBB TIKTOK","ANIME","https://github.com/Sparkies01/mlbb-intro/releases/download/v4.1.3-images/8_image.jpg","https://github.com/Sparkies01/mlbb-intro/releases/download/v4.1.3/9_ANIME.KOPLO.X.MLBB.TIKTOK.zip","https://github.com/Sparkies01/mlbb-intro/releases/download/v4.1.3-previews/9_preview.mp4","mode_public","2977","4770","711"
"7","ALL COSPLAY REM X MLBB TIKTOK","ANIME","https://github.com/Sparkies01/mlbb-intro/releases/download/v4.1.3-images/7_image.jpg","https://github.com/Sparkies01/mlbb-intro/releases/download/v4.1.3/7_ALL.COSPLAY.REM.X.MLBB.TIKTOK.zip","https://github.com/Sparkies01/mlbb-intro/releases/download/v4.1.3-previews/7_preview.mp4","mode_public","2422","828","285"
"6","ALL COSPLAY REM X MLBB TIKTOK","TIKTOK","https://github.com/Sparkies01/mlbb-intro/releases/download/v4.1.3-images/7_image.jpg","https://github.com/Sparkies01/mlbb-intro/releases/download/v4.1.3/7_ALL.COSPLAY.REM.X.MLBB.TIKTOK.zip","","mode_public","4200","42536","420"
"5","ALL ARA ARA ANIME X MLBB","ANIME","https://github.com/Sparkies01/mlbb-intro/releases/download/v4.1.3-images/5_image.jpg","https://github.com/Sparkies01/mlbb-intro/releases/download/v4.1.3/5_ALL.ARA.ARA.ANIME.X.MLBB.zip","https://github.com/Sparkies01/mlbb-intro/releases/download/v4.1.3-previews/5_preview.mp4","mode_public","3191","6270","745"
"4","ALL ANIME X NEW BASS","ANIME","https://github.com/Sparkies01/mlbb-intro/releases/download/v4.1.3-images/4_image.jpg","https://github.com/Sparkies01/mlbb-intro/releases/download/v4.1.3/4_ALL.ANIME.X.NEW.BASS.zip","https://github.com/Sparkies01/mlbb-intro/releases/download/v4.1.3-previews/4_preview.mp4","mode_public","2542","7352","410"
"3","ALL ANIME WAR OF CHANGE","ANIME","https://github.com/Sparkies01/mlbb-intro/releases/download/v4.1.3-images/3_image.jpg","https://github.com/Sparkies01/mlbb-intro/releases/download/v4.1.3/3_ALL.ANIME.WAR.OF.CHANGE.zip","https://github.com/Sparkies01/mlbb-intro/releases/download/v4.1.3-previews/3_preview.mp4","mode_public","14594","13488","1920"
"2","4 ANIME X MLBB GLOW HD","HD_4K","https://github.com/Sparkies01/mlbb-intro/releases/download/v4.1.3-images/2_image.jpg","https://github.com/Sparkies01/mlbb-intro/releases/download/v4.1.3/282_4.ANIME.X.MLBB.GLOW.zip","https://github.com/Sparkies01/mlbb-intro/releases/download/v4.1.3-previews/282_preview.mp4","mode_public","18599","20893","2892"
